PuzzleId,FEN,Moves,Rating,RatingDeviation,Popularity,NbPlays,Themes,GameUrl,OpeningTags
00008,r6k/pp2r2p/4Rp1Q/3p4/8/1N1P2R1/PqP2bPP/7K b - - 0 24,f2g3 e6e7 b2b1 b3c1 b1c1 h6c1,1940,75,94,6608.0,crushing hangingPiece long middlegame,https://lichess.org/787zsVup/black#48,
0000D,5rk1/1p3ppp/pq3b2/8/8/1P1Q1N2/P4PPP/3R2K1 w - - 2 27,d3d6 f8d8 d6d8 f6d8,1447,73,96,28501.0,advantage endgame short,https://lichess.org/F8M8OS71#53,
0008Q,8/4R3/1p2P3/p4r2/P6p/1P3Pk1/4K3/8 w - - 1 64,e7f7 f5e5 e2f1 e5e6,1311,75,90,605.0,advantage endgame rookEndgame short,https://lichess.org/MQSyb3KW#127,
0009B,r2qr1k1/b1p2ppp/pp4n1/P1P1p3/4P1n1/B2P2Pb/3NBP1P/RN1QR1K1 b - - 1 16,b6c5 e2g4 h3g4 d1g4,1099,74,87,571.0,advantage middlegame short,https://lichess.org/4MWQCxQ6/black#32,Kings_Pawn_Game Kings_Pawn_Game_Leonardis_Variation
000VW,r4r2/1p3pkp/p5p1/3R1N1Q/3P4/8/P1q2P2/3R2K1 b - - 3 25,g6f5 d5c5 c2e4 h5g5 g7h8 g5f6,2724,90,92,63.0,crushing endgame long,https://lichess.org/e9AY2m5j/black#50,
000Vc,8/8/4k1p1/2KpP2p/5PP1/8/8/8 w - - 0 53,g4h5 g6h5 f4f5 e6e5 f5f6 e5f6,1556,81,73,94.0,crushing endgame long pawnEndgame,https://lichess.org/l6AejDMO#105,
000Zo,4r3/1k6/pp3r2/1b2P2p/3R1p2/P1R2P2/1P4PP/6K1 w - - 0 35,e5f6 e8e1 g1f2 e1f1,1353,75,86,622.0,endgame mate mateIn2 short,https://lichess.org/n8Ff742v#69,
000aY,r4rk1/pp3ppp/2n1b3/q1pp2B1/8/P1Q2NP1/1PP1PP1P/2KR3R w - - 0 15,g5e7 a5c3 b2c3 c6e7,1428,79,73,505.0,advantage master middlegame short,https://lichess.org/iihZGl6t#29,Benoni_Defense Benoni_Defense_Benoni-Indian_Defense
000hf,r1bqk2r/pp1nbNp1/2p1p2p/8/2BP4/1PN3P1/P3QP1P/3R1RK1 b kq - 0 19,e8f7 e2e6 f7f8 e6f7,1508,74,90,507.0,mate mateIn2 middlegame short,https://lichess.org/71ygsFeE/black#38,Horwitz_Defense Horwitz_Defense_Other_variations
000lC,3r3r/pQNk1ppp/1qnb1n2/1B6/8/8/PPP3PP/3R1R1K w - - 5 19,d1d6 d7d6 b7b6 a7b6,1372,75,96,2210.0,advantage hangingPiece middlegame short,https://lichess.org/vaqz2bx6#37,
000mr,5r1k/5rp1/p7/1b2B2p/1P1P1Pq1/2R1Q3/P3p1P1/2R3K1 w - - 0 41,e3g3 f7f4 e5f4 f8f4,1941,85,62,96.0,crushing middlegame short,https://lichess.org/8sVpuwso#81,
000qP,8/7R/8/5p2/4bk1P/8/2r2K2/6R1 w - - 7 51,f2f1 f4f3 f1e1 c2c1 e1d2 c1g1,2152,79,92,757.0,crushing endgame exposedKing long skewer,https://lichess.org/r4xUR6fC#101,
000rO,3R4/8/K7/pB2b3/1p6/1P2k3/3p4/8 w - - 4 58,a6a5 e5c7 a5b4 c7d8,1075,81,85,65.0,crushing endgame fork short,https://lichess.org/tzeeBEc2#115,
000tp,4r3/5pk1/1p3np1/3p3p/2qQ4/P4N1P/1P3RP1/7K w - - 6 34,d4b6 f6e4 h1g1 e4f2,2051,75,81,114.0,crushing endgame short trappedPiece,https://lichess.org/GeXqsW90#67,
00143,r2q1rk1/5ppp/1np5/p1b5/2p1B3/P7/1P3PPP/R1BQ1RK1 b - - 1 17,d8f6 d1h5 h7h6 h5c5,1783,74,91,2618.0,advantage middlegame short,https://lichess.org/jcuxlI63/black#34,Scotch_Game Scotch_Game_Mieses_Variation
0018S,2kr3r/pp3p2/4p2p/1N1p2p1/3Q4/1P1P4/2q2PPP/5RK1 b - - 1 20,b7b6 d4a1 a7a5 f1c1,2700,116,90,1685.0,advantage endgame pin short,https://lichess.org/H1ARO2GL/black#40,
001Hi,6k1/pp1r1pp1/1qp1p2p/4P2P/5Q2/1P4R1/P1Pr1PP1/R5K1 b - - 4 23,b6d4 f4f6 d4f2 f6f2 d2f2 g1f2,2389,115,58,14.0,advantage endgame long pin,https://lichess.org/tUkE0z1z/black#46,
001Wz,4r1k1/5ppp/r1p5/p1n1RP2/8/2P2N1P/2P3P1/3R2K1 b - - 0 21,e8e5 d1d8 e5e8 d8e8,1125,82,87,70.0,backRankMate endgame mate mateIn2 short,https://lichess.org/84RH3LaP/black#42,
001XA,1qr2rk1/pb2bppp/8/8/2p1N3/P1Bn2P1/2Q2PBP/1R3RK1 b - - 3 23,b8c7 b1b7 c7b7 e4f6 e7f6 g2b7,1640,74,91,1123.0,crushing discoveredAttack long master middlegame sacrifice,https://lichess.org/KZRiN695/black#46,
001cr,8/3B2pp/p5k1/2p3P1/1p1p1K2/8/1P6/8 b - - 0 38,c5c4 d7e8,1757,75,95,444.0,bishopEndgame endgame mate mateIn1 oneMove,https://lichess.org/7FFNwibw/black#76,
001gi,r6r/1pNk1ppp/2np4/b3p3/4P1b1/N1Q5/P4PPP/R3KB1R w KQ - 3 18,c7a8 a5c3,835,121,62,230.0,bodenMate hangingPiece mate mateIn1 middlegame oneMove,https://lichess.org/1sV2Hr22#35,Sicilian_Defense Sicilian_Defense_Other_variations
001h8,2r3k1/2r4p/4p1p1/1p1q1pP1/p1bP1P1Q/P6R/5B2/2R3K1 b - - 5 34,c4e2 h4h7 c7h7 c1c8 g8g7 c8c7,1826,75,93,468.0,crushing deflection kingsideAttack long middlegame sacrifice,https://lichess.org/IxCahP6X/black#68,
001m3,7r/6k1/2b1pp2/8/P1N3p1/5nP1/4RP2/Q4K2 w - - 2 38,e2e6 h8h1 f1e2 h1a1,1497,75,87,265.0,advantage endgame short skewer,https://lichess.org/LELOz22f#75,
001om,5r1k/pp4pp/5p2/1BbQp1r1/6K1/7P/1PP3P1/3R3R w - - 2 26,g4h4 c5f2 g2g3 f2g3,1018,80,89,220.0,mate mateIn2 middlegame short,https://lichess.org/VWOIWtIh#51,
001u3,2r3k1/p1q2pp1/Q3p2p/b1Np4/2nP1P2/4P1P1/5K1P/2B1N3 b - - 3 33,c7b6 a6c8 g8h7 c8b7,2175,81,55,77.0,advantage hangingPiece middlegame short,https://lichess.org/BBn6ipaK/black#66,
001uD,6k1/1p3pp1/1p5p/2r1p3/2n5/r3PN2/2RnNPPP/2R3K1 b - - 1 32,f7f6 f3d2 c4d2 c2d2 c5c1 e2c1,1894,75,92,750.0,advantage long middlegame,https://lichess.org/2qkVLUl6/black#64,
001w5,1rb2rk1/q5P1/4p2p/3p3p/3P1P2/2P5/2QK3P/3R2R1 b - - 0 29,f8f7 c2h7 g8h7 g7g8q,1074,80,92,200.0,advancedPawn attraction mate mateIn2 middlegame promotion short,https://lichess.org/0e1vxAEn/black#58,
001wR,6nr/pp3p1p/k1p5/8/1QN5/2P1P3/4KPqP/8 b - - 5 26,b7b5 b4a5 a6b7 c4d6 b7b8 a5d8,1276,75,98,1374.0,endgame long mate mateIn3,https://lichess.org/ruvbd9JW/black#52,
001wb,r3k2r/pb1p1ppp/1b4q1/1Q2P3/8/2NP1Pn1/PP4PP/R1B2R1K w kq - 1 17,h2g3 g6h5,1499,136,77,66.0,mate mateIn1 middlegame oneMove,https://lichess.org/hNzYRMWP#33,Ruy_Lopez Ruy_Lopez_Bird_Variation
001wr,r4rk1/p3ppbp/Pp1q1np1/3PpbB1/2B5/2N5/1PPQ1PPP/3RR1K1 w - - 4 18,f2f3 d6c5 g1h1 c5c4,951,76,96,2081.0,advantage fork master masterVsMaster middlegame short,https://lichess.org/KnJ2mojX#35,Pirc_Defense Pirc_Defense_Classical_Variation
001xO,k1r1b3/p1r1nppp/1p1qpn2/2Np4/1P1P4/PQRBPN2/5PPP/2R3K1 w - - 0 19,d3a6 b6c5 a6c8 c5c4,1907,75,91,1145.0,crushing master masterVsMaster middlegame sacrifice short,https://lichess.org/fNCePFgY#37,Slav_Defense Slav_Defense_Other_variations
001xl,8/4R1k1/p5pp/3B4/5q2/8/5P1P/6K1 b - - 5 40,g7f6 e7f7 f6e5 f7f4,1241,76,94,11102.0,advantage endgame master masterVsMaster short skewer superGM,https://lichess.org/bEQkfPQD/black#80,
00206,r3kb1r/pppqpn1p/5p2/3p1bpQ/2PP4/4P1B1/PP3PPP/RN2KB1R w KQkq - 1 11,b1c3 f5g4 h5g4 d7g4,1547,76,96,27430.0,advantage opening short trappedPiece,https://lichess.org/MbJRo6PT#21,Queens_Pawn_Game Queens_Pawn_Game_Accelerated_London_System
002CP,r5k1/pp4pp/4p1q1/4p3/3n4/P5P1/1PP2Q1P/2KR1R2 w - - 4 24,f2e3 g6c2,927,81,69,83.0,endgame mate mateIn1 oneMove queensideAttack,https://lichess.org/pHZnIFdb#47,
002Cw,r7/2p2r1k/p2p1q1p/Pp1P4/1P2P3/2PQ4/6R1/R5K1 b - - 2 28,f7g7 e4e5 f6g6 g2g6,1027,81,94,2124.0,crushing discoveredAttack endgame short,https://lichess.org/lxiSa85s/black#56,
002E4,8/8/kpq5/p4pQp/P7/7P/3r2P1/4R2K b - - 10 48,c6a4 g5d2,974,92,33,44.0,crushing endgame hangingPiece oneMove,https://lichess.org/JwMca3Nw/black#96,
002GQ,5rk1/5ppp/4p3/4N3/8/1Pn5/5PPP/5RK1 w - - 0 28,f1c1 c3e2 g1f1 e2c1,879,109,100,29.0,crushing endgame fork short,https://lichess.org/2K7g2pDT#55,
002IE,r3brk1/5pp1/p1nqpn1p/P2pN3/2pP4/2P1PN2/5PPP/RB1QK2R b KQ - 4 16,c6e5 d4e5 d6e7 e5f6,1212,89,60,27.0,advantage fork middlegame short,https://lichess.org/fDwvVUIp/black#32,Queens_Pawn_Game Queens_Pawn_Game_Accelerated_London_System
002KJ,r3kb1r/ppq2ppp/4pn2/2Ppn3/1P4bP/2P2N2/P3BPP1/RNBQ1RK1 b kq - 2 10,f8e7 f3e5 c7e5 e2g4,1612,74,94,1318.0,crushing discoveredAttack middlegame short,https://lichess.org/2NpTzh7O/black#20,Caro-Kann_Defense Caro-Kann_Defense_Advance_Variation
002LF,7r/p2q1pk1/1pp3p1/8/6P1/4Q3/PP1R1P1r/5KN1 b - - 0 38,d7g4 e3e5 f7f6 e5c7 g7h6 c7h2,2257,80,89,369.0,advantage endgame interference long,https://lichess.org/md88dHiL/black#76,
002LW,3r1rk1/1b1n1pp1/3p4/p4PPQ/4P3/3q1BN1/8/2R2RK1 b - - 1 28,d7e5 f5f6 e5f3 f1f3,2464,88,78,112.0,advantage middlegame short,https://lichess.org/0khwj5dv/black#56,
002O7,r3qrk1/2p2pp1/p2bpn1p/2ppNb2/3P1P2/1PP1P1B1/P2N2PP/R2Q1RK1 b - - 0 14,f5g4 e5g4 f6g4 d1g4,969,92,91,345.0,crushing middlegame short,https://lichess.org/dFEPPiEc/black#28,Queens_Pawn_Game Queens_Pawn_Game_Accelerated_London_System
002Tf,r3kbnr/ppp1qppp/2n5/3pP3/5B2/4PQ2/PPP2PPP/RN2KB1R w KQkq - 1 7,f1b5 e7b4 b1c3 b4b2,1575,75,83,164.0,advantage fork opening short,https://lichess.org/Zq56PwHK#13,Queens_Pawn_Game Queens_Pawn_Game_Chigorin_Variation
002Ua,r4rk1/pp3ppp/3p1q2/P1P1p3/2B5/2B2n2/2P2P1P/R2Q1RK1 w - - 0 16,g1h1 f6f4 d1f3 f4f3,1774,75,95,6816.0,crushing kingsideAttack middlegame short,https://lichess.org/06i3eMVp#31,Sicilian_Defense Sicilian_Defense_Lowenthal_Variation
002Uy,8/8/1p6/k7/P1R5/1K5r/8/8 w - - 26 64,c4c3 h3c3 b3c3 a5a4 c3b2 a4b4,1727,75,97,1669.0,crushing defensiveMove endgame long rookEndgame,https://lichess.org/sLU7YN1A#127,
002VP,8/6p1/2B1bn2/6k1/3B4/6K1/4P3/8 b - - 4 44,e6d5 d4f6 g5f5 c6d5,1420,79,38,130.0,crushing endgame short,https://lichess.org/7yJGEbUK/black#88,
002Z9,4r1k1/1p2R1p1/p2p2Pp/P1pP4/5q2/1R3p2/1P1Q3P/5B1K b - - 0 34,f4d2 e7e8,1237,99,69,48.0,endgame hangingPiece mate mateIn1 oneMove,https://lichess.org/Ek4aENjD/black#68,
002bK,8/7p/2b1k3/p2p1pPB/1n1P3P/N1p1P3/4K3/8 b - - 1 42,c6b5 a3b5 c3c2 e2d2,1139,76,92,764.0,advantage endgame hangingPiece short,https://lichess.org/IFGj8W5s/black#84,
002rd,r6k/q1pb1p1p/1b3Pr1/p1ppP2Q/3P2p1/4B3/PP2NRPP/3R2K1 b - - 1 25,d7e6 e2f4 c5d4 f4g6 f7g6 h5h6,1812,74,78,118.0,crushing kingsideAttack long middlegame pin,https://lichess.org/NcD6lul8/black#50,
002uV,r2r2k1/1p2qppp/2n1p3/5n2/p2P4/P2Q1N2/BP3PPP/2R1R1K1 w - - 4 20,d3f5 e6f5 e1e7 c6e7,1615,76,85,65.0,advantage middlegame short,https://lichess.org/WKH5eIti#39,
002vV,8/6k1/2R4p/5p1P/5P1K/6P1/8/r7 w - - 2 58,c6b6 a1h1,435,88,100,160.0,endgame mate mateIn1 oneMove rookEndgame,https://lichess.org/KB7FAntf#115,
002xh,2nk4/8/2PBp1n1/1pK1P1p1/1P4P1/8/8/8 b - - 2 42,g6h4 c5b5 h4g2 b5a6 g2e3 a6b7,2074,101,54,28.0,crushing endgame long,https://lichess.org/TfRvsd3p/black#84,
0039T,1r5r/p3kp2/4p2p/4P3/3R1Pp1/6P1/P1P4P/4K2R w K - 1 25,d4a4 b8b1 e1f2 b1h1 a4a7 e7f8,875,86,93,753.0,crushing defensiveMove endgame long rookEndgame skewer,https://lichess.org/BrtVeJlj#49,
003AX,2r2rk1/5ppp/bq2p3/p1ppP1N1/Pb1P2P1/1P2P2P/2QN4/2R1K2R b K - 1 18,c5d4 c2h7,1076,75,100,237.0,kingsideAttack mate mateIn1 middlegame oneMove,https://lichess.org/kRgejRSt/black#36,French_Defense French_Defense_Advance_Variation
003IX,8/3pk3/R7/1R2Pp1p/2PPnKr1/8/8/8 w - - 4 43,f4f5 e4g3,1714,77,90,1246.0,endgame mate mateIn1 oneMove,https://lichess.org/576Btq56#85,
003Jb,6k1/3bqr1p/2rpp1pR/p7/Pp1QP3/1B3P2/1PP3P1/2KR4 w - - 6 22,d4a7 e7g5 c1b1 g5h6,996,79,90,387.0,advantage fork middlegame short,https://lichess.org/8RvK0idj#43,
003S3,r4k1r/pNqnppb1/6pn/2p3Np/7P/2P2Q2/PP3PP1/R1B1K2R b KQ - 2 15,a8b8 g5e6 f8g8 e6c7,1430,74,97,7236.0,advantage middlegame pin short,https://lichess.org/Eu6S0GPA/black#30,Modern_Defense Modern_Defense_Other_variations
003Tx,2r5/pR5p/5p1k/4p3/4r3/B4nPP/PP3P2/1K2R3 w - - 0 27,e1e4 f3d2 b1a1 c8c1,1545,88,83,695.0,backRankMate endgame fork mate mateIn2 short,https://lichess.org/A7j9VEC0#53,
003UW,8/6pk/7p/2p5/2qp4/5PP1/P3QK1P/8 b - - 1 40,c4d5 e2e4 d5e4 f3e4,1481,76,92,668.0,advantage endgame queenEndgame short,https://lichess.org/cXMga3rb/black#80,
003YT,r1bqk1nr/1pp2ppp/p1pb4/4p3/3PP3/5N2/PPP2PPP/RNBQ1RK1 b kq - 0 6,d8f6 d4e5 d6e5 c1g5 f6d6 f3e5 d6d1 f1d1,1729,167,-60,15.0,advantage fork opening veryLong,https://lichess.org/TAffogpQ/black#12,Ruy_Lopez Ruy_Lopez_Exchange_Variation
003eP,8/r1b1q2k/2p3p1/2Pp4/1P2p1n1/2B1P3/NQ6/2K4R b - - 1 36,h7g8 h1h8 g8f7 h8h7 f7e8 h7e7,1157,79,88,1751.0,crushing exposedKing long middlegame skewer,https://lichess.org/n9vCFmKh/black#72,
003jH,rn3rk1/p5pp/3N4/4np1q/5Q2/1P3K2/PB1P2P1/2R4R w - - 0 25,f3f2 e5d3 f2e3 d3f4 h1h5 f4h5,1125,81,89,307.0,crushing fork long middlegame,https://lichess.org/3CQGofXT#49,
003jb,r3kb1r/p4ppp/b1p1p3/3q4/3Q4/4BN2/PPP2PPP/R3K2R b KQkq - 0 11,c6c5 d4a4 a6b5 a4b5,937,77,95,2527.0,crushing fork middlegame short,https://lichess.org/960EzUS0/black#22,French_Defense French_Defense_Classical_Variation
003jv,1R6/1p2k2p/p2n2p1/4K3/8/6P1/P6P/8 w - - 10 37,b8h8 d6f7 e5e4 f7h8,1008,81,89,334.0,crushing endgame fork short,https://lichess.org/n0UvwK36#73,
003md,r1b1k2N/ppp3pp/2n5/2bp4/7q/1B4n1/PPPP1P1P/RNBQ1RK1 w q - 0 10,f1e1 g3e4 e1e4 d5e4 d1h5 h4h5 b3f7 h5f7,2124,79,84,205.0,crushing defensiveMove middlegame veryLong,https://lichess.org/ALtR2fxT#19,Russian_Game Russian_Game_Italian_Variation
003nQ,6rk/pp6/2n5/3ppn1p/3p4/2P2P1q/PP3QNB/R4R1K w - - 2 29,f1g1 f5g3 f2g3 g8g3,1268,88,67,28.0,crushing kingsideAttack master middlegame pin short,https://lichess.org/p85fiZcl#57,
003o0,r1bqk2r/pp1nbppp/3p4/1B1p4/3P1B2/8/PPP2PPP/R2QK1NR w KQkq - 2 9,g1f3 d8a5 d1d2 a5b5,1020,84,90,662.0,advantage fork master opening short,https://lichess.org/Ae0t9V1Z#17,Czech_Defense Czech_Defense_Other_variations
003r5,r2qr1k1/ppp2ppp/4b3/3P4/1nP2Q2/2N2N1P/PP3KP1/R4R2 w - - 1 15,d5e6 b4d3 f2g1 d3f4,1107,77,87,856.0,crushing fork middlegame short,https://lichess.org/JPN97v7j#29,Kings_Gambit_Accepted Kings_Gambit_Accepted_Abbazia_Defense
003wQ,2r2rk1/6pp/3Q1q2/8/3N1B2/6P1/PP1K3P/R4b2 w - - 0 24,a1f1 f6d6 f4d6 f8f1,1962,76,91,1802.0,advantage discoveredAttack middlegame pin short,https://lichess.org/W3wvnzlo#47,
0042j,3r2k1/4nppp/pq1p1b2/1p2P3/2r2P2/2P1NR2/PP1Q2BP/3R2K1 b - - 0 24,d6e5 d2d8 b6d8 d1d8,504,114,94,1212.0,backRankMate mate mateIn2 middlegame short,https://lichess.org/DuM2FZjg/black#48,
0045Q,rnbqkb1r/pppp2pp/8/4P3/2B5/4p3/PPPP2PP/R1BQK1NR w KQkq - 0 7,d1f3 d8h4 e1d1 h4c4,1493,79,97,25498.0,advantage fork opening short,https://lichess.org/fTegzZIT#13,Vienna_Game Vienna_Game_Other_variations
0047P,8/1N3k2/6p1/8/2P3P1/pr6/R5K1/8 w - - 1 56,g2f1 b3b1 f1e2 b1b2 e2d1 b2a2,1769,75,86,86.0,crushing endgame exposedKing fork long,https://lichess.org/Gb33KZKC#111,
0048h,4r3/p5k1/2p2R1p/2Pp4/1P1pr1P1/P6P/8/3R3K w - - 1 35,f6c6 e4e1 d1e1 e8e1 h1g2 d4d3,1202,75,99,805.0,crushing endgame exposedKing long rookEndgame,https://lichess.org/dq15P00L#69,
004Ao,4qk2/1b3rR1/p7/1p2Q3/4P2P/P2P3K/2r5/3R4 w - - 5 41,g7f7 e8f7 e5h8 f8e7,1735,99,86,19.0,advantage endgame short,https://lichess.org/aFlzjb1K#81,
004Ax,8/8/4R1kp/p7/5rPK/8/7P/8 b - - 2 42,g6f7 e6h6 f4f6 h6h7 f7g6 h7a7,1877,75,92,453.0,crushing endgame exposedKing long rookEndgame,https://lichess.org/x2mMwVJD/black#84,
004BW,r1bk2r1/ppq2pQp/3bpn2/1BpnN3/5P2/1P6/PBPP2PP/RN2K2R w KQ - 3 13,e5f7 d8e7 g7g8 f6g8,1810,76,90,1447.0,advantage middlegame short,https://lichess.org/EXlG6TZs#25,Sicilian_Defense Sicilian_Defense_Modern_Variations
004JD,3r4/R7/2p5/p1P2p2/1p4k1/nP6/P2KNP2/8 w - - 3 41,d2e3 a3c2,1326,75,91,2625.0,endgame mate mateIn1 oneMove,https://lichess.org/6vTeEc3x#81,
004LZ,8/7R/5p2/p7/7P/2p5/3k2r1/1K2N3 w - - 3 48,e1g2 c3c2 b1a2 c2c1q h7d7 d2e2,1085,78,93,1966.0,advancedPawn crushing defensiveMove deflection endgame long promotion,https://lichess.org/drahwNdj#95,
004Op,2kr2r1/1bp4n/1pq1p2p/p1P5/1P3B2/P6P/5RP1/RB2Q1K1 w - - 3 26,e1f1 d8d1 f1d1 g8g2 g1f1 g2g1 f1e2 g1d1,2174,80,92,1363.0,crushing deflection kingsideAttack middlegame pin sacrifice skewer veryLong,https://lichess.org/tneg9Bzk#51,
004RF,5rk1/5ppp/1p6/1qp2P1Q/3p3P/6R1/6PK/8 b - - 0 30,c5c4 g3g7 g8g7 f5f6 g7f6 h5b5,1764,79,81,48.0,attraction crushing discoveredAttack endgame long sacrifice,https://lichess.org/2UeWcE4h/black#60,
004WZ,r6k/1b3pp1/p1q1pn1p/2p5/P1B5/1PN4Q/2P1RP1P/R4Kr1 w - - 2 26,f1g1 c6h1,1049,150,100,48.0,mate mateIn1 middlegame oneMove,https://lichess.org/BQIdXPOM#51,
004X6,1r4k1/p4ppp/2Q5/3pq3/8/P6P/2PR1PP1/Rr4K1 w - - 1 26,a1b1 b8b1 d2d1 b1d1,1176,278,83,11.0,endgame mate mateIn2 short,https://lichess.org/wvPFkjF9#51,
004Ys,r4rk1/3q1pbp/p1n1p1p1/2p3NP/1p3B2/3P3Q/PPP3P1/R3R1K1 b - - 2 19,d7d4 f4e3 d4f6 e1f1 f6e5 h5g6 e5e3 h3e3,2209,78,89,303.0,advantage defensiveMove middlegame veryLong,https://lichess.org/LcIJdugn/black#38,Sicilian_Defense Sicilian_Defense_McDonnell_Attack
004d8,8/4kr2/R2p4/1p1Pp1p1/5p2/3K1P2/PPP5/8 b - - 0 39,g5g4 a6a7 e7f6 a7f7 f6f7 f3g4,1639,78,87,98.0,crushing endgame long rookEndgame,https://lichess.org/FrR3BHbW/black#78,
004iZ,r2r2k1/2q1bpp1/3p1n1p/1ppN4/1P1BP3/P5Q1/4RPPP/R5K1 b - - 1 20,f6d5 g3g7,558,89,89,884.0,kingsideAttack mate mateIn1 middlegame oneMove,https://lichess.org/dQ85JUe1/black#40,
004kB,4rr1k/pQpn2pp/3p1q2/8/8/2P5/PP3PPP/RN3RK1 w - - 1 16,b7c7 f6f2 f1f2 e8e1 f2f1 e1f1,1213,76,60,189.0,kingsideAttack long mate mateIn3 middlegame sacrifice,https://lichess.org/Cl9T6bjt#31,Ruy_Lopez Ruy_Lopez_Steinitz_Defense
004mT,5Q2/8/1b1kp1p1/5p2/3p4/5qPK/7P/8 b - - 1 51,d6c6 f8a8 c6d6 a8f3,1309,76,100,3327.0,advantage endgame short skewer,https://lichess.org/Jqhi4ozb/black#102,
004nd,3q2k1/2r5/pp3p1Q/2b1n3/P3N3/2P5/1P4PP/R6K b - - 0 24,c7d7 e4f6 d8f6 h6f6,898,75,83,204.0,crushing fork middlegame short,https://lichess.org/IajkZZBp/black#48,
004sY,8/2k3n1/3p2p1/1KpP2Pp/2P4P/7B/8/8 w - - 0 57,b5a6 c7d8 a6b5 g7f5,2191,95,68,30.0,crushing endgame short,https://lichess.org/sMrTPfXp#113,
004sg,6k1/p3b2p/1p1pP3/2p3P1/1Pnp3B/P6P/3Q3K/8 w - - 0 38,b4c5 c4d2 c5c6 d6d5 g5g6 e7d6,2371,88,90,1098.0,advantage clearance endgame hangingPiece long quietMove,https://lichess.org/pSRIvt7K#75,
004u0,6k1/ppq3pp/2p1rp2/4r3/4p1Q1/P5RP/1P3PP1/3R2K1 b - - 3 34,e6e8 d1d7 c7d7 g4d7,1319,75,92,898.0,advantage endgame short,https://lichess.org/3gEqoQeQ/black#68,
004zI,2q3k1/4br1p/6RQ/1p1n2p1/7P/1P4P1/1B2PP2/6K1 b - - 0 27,h7g6 h6h8,1443,75,79,313.0,endgame mate mateIn1 oneMove,https://lichess.org/HE33gdt4/black#54,
0050w,5rk1/1p2p1rp/p2p4/2pPb2R/2P1P3/1P1BKP1R/8/8 b - - 4 30,g7g3 h3g3 e5g3 h5g5 g8f7 g5g3,1071,80,94,1450.0,crushing endgame fork long,https://lichess.org/QD8pUcTR/black#60,
0055Y,r1b2rk1/p3pp2/2B4b/2Qpq3/3N2pp/4P3/2P2PPP/1R2K2R b K - 1 23,h6e3 f2e3 e5e3 e1d1,2055,76,79,144.0,advantage defensiveMove middlegame short,https://lichess.org/7Jpwzowt/black#46,
005HF,3r1rk1/1pR3pp/p2bp3/1q2Np2/3P4/1P5Q/5PPP/4R1K1 w - - 2 27,c7g7 g8g7 h3g3 g7h8,1380,78,72,52.0,crushing defensiveMove hangingPiece middlegame short,https://lichess.org/IqVPsfjB#53,
005N7,r6k/2q3pp/8/2p1n3/R1Qp4/7P/2PB1PP1/6K1 b - - 0 32,e5c4 a4a8 c7b8 a8b8,470,97,93,1635.0,backRankMate endgame hangingPiece mate mateIn2 short,https://lichess.org/jxZhmGhg/black#64,
005YM,5k2/p4pp1/1qn3r1/3pP2p/5P2/1NPQ4/Pr3RPP/R5K1 w - - 5 24,b3d4 b2f2 g1f2 c6d4 d3d4 b6b2,2453,83,88,179.0,advantage long middlegame,https://lichess.org/fDmK2ipV#47,
005YX,2rr4/2N2pk1/p1Q1b1pp/1p4q1/3pP3/1B1P4/PPP3PP/6RK w - - 7 25,c7e6 f7e6 c6b7 g7h8,1440,309,100,13.0,defensiveMove equality middlegame short,https://lichess.org/zbi5w5Qy#49,
005f3,r5k1/2p1pp2/pp4p1/1q1r4/5P2/2QP2R1/PP6/1K4R1 b - - 0 32,d5h5 g3g6 f7g6 g1g6 g8f7 c3g7 f7e8 g7g8 e8d7 g8e6 d7d8 g6g8,1997,74,95,12774.0,crushing endgame sacrifice veryLong,https://lichess.org/Prb24UzR/black#64,
005jJ,r1b1qrk1/pp1n1pbp/2pp1np1/4p3/2PP1B2/2NBPN1P/PP3PP1/R2Q1RK1 w - - 0 10,d4e5 d6e5 f4h2 e5e4,1242,83,70,29.0,advantage opening short,https://lichess.org/wt6Q2xGb#19,Queens_Pawn_Game Queens_Pawn_Game_Other_variations
005nD,3rk2r/2qn1pp1/p1Q1R3/3n3p/8/8/PP4PP/5R1K b k - 0 23,f7e6 c6e6 d5e7 e6f7,1049,75,99,488.0,fork mate mateIn2 middlegame short,https://lichess.org/hlgaj6lV/black#46,
005qG,8/8/1p1k1p1p/3npp2/2B5/PP1K1PP1/7P/8 b - - 0 36,f5f4 c4d5 f4g3 h2g3 d6d5 g3g4,2293,87,65,52.0,crushing defensiveMove endgame long,https://lichess.org/RMj9gStA/black#72,
005ws,8/8/5pp1/3K3p/3N2kP/8/8/8 w - - 2 62,d5e6 g6g5 h4g5 f6g5 e6d5 h5h4 d5e4 h4h3 d4f3 g4g3,2410,76,92,988.0,crushing endgame knightEndgame master quietMove veryLong,https://lichess.org/LOwACSXb#123,
005wy,1r6/pp2kpp1/2n1p1n1/3p2PQ/5P2/2PqP3/PP1N4/2KR3R w - - 3 27,h5h7 c6b4 c3b4 b8c8 d2c4 c8c4,1963,75,94,3854.0,long mate mateIn3 middlegame queensideAttack sacrifice,https://lichess.org/mBQMheB4#53,
005xu,8/3k4/1K1P4/2P3r1/R7/5b2/8/8 b - - 0 68,g5g8 a4a7 d7e6 a7e7 e6d5 d6d7,1914,86,84,33.0,advancedPawn crushing endgame exposedKing long,https://lichess.org/TDu28XvE/black#136,
005yO,r1r3k1/ppq3bQ/4p2p/4n3/3p4/2P5/PBB2PPP/4R1K1 b - - 2 24,g8f8 b2a3 f8f7 c2d1 c8h8 d1h5 f7f6 h7e4,2795,101,88,203.0,advantage exposedKing middlegame quietMove veryLong,https://lichess.org/j65YI8hC/black#48,
0061g,6k1/pp3pp1/2p1q1Pp/3b4/8/6Q1/PB3Pp1/3RrNK1 b - - 2 27,e1d1 g3b8 e6e8 b8e8,803,91,72,264.0,endgame mate mateIn2 short,https://lichess.org/dJ3xEKJK/black#54,
0066C,r2q1r1k/2p3p1/pb2Q2p/1p1p1n2/8/1BP5/PP1B1PPP/3RR1K1 w - - 3 20,b3d5 b6f2 g1f2 f5d4 f2g1 d4e6,1784,77,82,139.0,advantage discoveredAttack kingsideAttack long middlegame sacrifice,https://lichess.org/ZyuTEP3l#39,
0068B,r1q3k1/4bppp/pp2pn2/4B3/8/2N2Q2/PPPR1PPP/6K1 b - - 0 18,f6d7 d2d7 c8d7 f3a8,1458,74,92,5850.0,crushing deflection middlegame short,https://lichess.org/LNdzAgWP/black#36,Sicilian_Defense Sicilian_Defense_Katalimov_Variation
0068D,7r/pppk4/2pb1r2/8/2NP2p1/2P5/PP2RPP1/4R1K1 w - - 2 26,c4d6 f6h6 f2f4 g4g3 e2e7 d7d6 g1f1 h6h1,2069,75,92,344.0,crushing endgame veryLong,https://lichess.org/WNAZgV2o#51,
006E1,5rk1/R4pp1/1p5p/3Q4/1PPp2q1/3P2P1/5P2/4nK2 w - - 0 34,f1e1 f8e8 e1f1 g4h3 d5g2 e8e1 f1e1 h3g2,1661,73,97,14643.0,crushing deflection endgame veryLong,https://lichess.org/KaLKLKD5#67,
006HV,1r6/5k2/2p1pNp1/p5Pp/1pQ1P2P/2P4R/KP3P2/3q4 w - - 4 31,c4c6 b4b3 a2a3 d1a1,1198,75,93,964.0,endgame mate mateIn2 short,https://lichess.org/ibb2c72C#61,
006NL,1r6/k2qn1b1/p1b1p1p1/2PpPpN1/2nN1P1P/p4B2/1PP2Q2/1K1R3R w - - 0 32,d4c6 e7c6 b2b3 a3a2 b1a1 c4e5 f4e5 g7e5 a1a2 b8b5,2543,88,84,88.0,advancedPawn advantage middlegame pin veryLong,https://lichess.org/yA3M5Q6W#63,
006OI,8/p7/5k2/P5R1/6KP/8/8/5r2 w - - 5 53,g5g8 f1g1 g4f4 g1g8,785,84,91,177.0,crushing endgame rookEndgame short skewer,https://lichess.org/6AH1H5wg#105,
006RM,1k1r3r/2q5/pp1n2p1/8/1Q6/3R2P1/PPP2P1P/3R2K1 b - - 4 29,c7c5 b4c5 b6c5 d3d6 d8d6 d1d6,1481,78,82,1117.0,crushing long middlegame,https://lichess.org/ceS0QvtT/black#58,
006XF,r5kr/pp1qb1p1/2p4p/3pPb1Q/3P4/2P1B3/PP4PP/R4RK1 b - - 1 17,f5e4 h5f7 g8h7 f1f6 e7f6 f7d7,2317,77,90,1799.0,advantage long middlegame pin,https://lichess.org/Ynra1LLE/black#34,Russian_Game Russian_Game_Italian_Variation
006cZ,3r1rk1/1p4p1/p1p3Qp/2q5/8/3n1N1P/PP1R2P1/5R1K b - - 7 28,g8h8 d2d3 d8d3 g6d3,1319,75,88,631.0,advantage middlegame short,https://lichess.org/qrbDEp56/black#56,
006eO,8/8/2p2k2/1p1p4/3P4/1PP1pK2/8/8 b - - 3 64,f6f5 b3b4,2186,115,90,52.0,defensiveMove endgame equality oneMove pawnEndgame,https://lichess.org/2cHqPgSG/black#128,
006fF,r1b4r/pp1k2pp/2nb2q1/1B1p2B1/3p3Q/8/PPP2PPP/3RR1K1 b - - 5 17,h7h6 h4g4 d7c7 g5d8 h8d8 g4g6,1761,75,96,3423.0,advantage discoveredAttack exposedKing long middlegame,https://lichess.org/mAf9SSin/black#34,Italian_Game Italian_Game_Two_Knights_Defense
006ia,1r4k1/4bpp1/1rp2n1p/3p4/3P4/2N1B1P1/Pq2QPKP/2R1R3 w - - 3 24,e3h6 b2e2 e1e2 e7a3 h6e3 a3c1,2119,146,68,6.0,advantage long middlegame,https://lichess.org/fcKXrUhC#47,
006of,r2qr2k/1pp2pp1/1b4np/pP2P3/P4n2/BQN2N1P/5PP1/R3R1K1 w - - 3 20,b3f7 d8d3 c3e2 f4e2 e1e2 d3e2,2496,98,88,836.0,advantage kingsideAttack long middlegame,https://lichess.org/MIdWd89x#39,
006om,1r3k2/5p1p/2p1pp2/P2n4/2r1N3/P4PK1/2R2P1P/2R5 b - - 9 29,c4a4 e4c5 a4a5 c5d7 f8g7 d7b8,1872,74,95,5535.0,crushing endgame fork long master,https://lichess.org/BMIgw1OR/black#58,
006pe,r4r2/2q1NN2/4bQpk/2n4p/pp5P/8/1PP2PP1/2KR3R b - - 0 28,e6f7 e7f5 h6h7 f6g7,1661,75,100,303.0,mate mateIn2 middlegame pin short,https://lichess.org/gkSEAS27/black#56,
006wz,2r5/4ppkp/5bp1/1p6/1P6/P3B3/2r2PPP/1R1R2K1 b - - 2 22,f6b2 b1b2 c2b2 e3d4 f7f6 d4b2,1487,75,80,529.0,attraction crushing endgame fork long sacrifice,https://lichess.org/qT0W6o27/black#44,
006x0,3Q4/5kr1/8/1P2pB2/2Pp1n2/q2P3P/7K/5R2 w - - 7 49,d8d7 f7f6 d7d8 f6f5,1326,163,100,21.0,defensiveMove endgame equality short,https://lichess.org/yJzYpNj0#97,
006yP,6R1/8/Kpk1p3/1p1pP3/6P1/PPP1r3/8/8 b - - 3 40,e3c3 g8c8 c6d7 c8c3,819,89,80,145.0,crushing endgame master rookEndgame short skewer,https://lichess.org/vf9MOLH1/black#80,
0070J,r4rk1/ppq2ppp/2nbp1b1/3p4/3Pn3/2PB1N1P/PP3PP1/R1BQRNK1 b - - 4 14,e4f2 g1f2 g6d3 d1d3,1025,91,60,80.0,advantage hangingPiece middlegame short,https://lichess.org/SHqFVu02/black#28,Caro-Kann_Defense Caro-Kann_Defense_Exchange_Variation
0071K,3N1r2/6R1/kp6/p2pPp1Q/2pP2P1/2q5/2P5/2K5 w - - 0 38,g7a7 a6a7 h5h7 a7a6,1262,80,100,80.0,crushing defensiveMove endgame hangingPiece short,https://lichess.org/gY0ZkxR4#75,
0072T,3q1nk1/1bN2rpp/pp1P4/1N6/4n2b/8/PPP2PPP/R1BQ1RK1 w - - 1 16,b5d4 h4f2 f1f2 e4f2,2381,77,85,470.0,advantage kingsideAttack master middlegame short,https://lichess.org/aqhibPRF#31,Philidor_Defense Philidor_Defense_Lion_Variation
00761,3r2k1/1b3pbR/p2P2P1/3p2N1/2p5/2P2N2/PP6/2K5 b - - 0 28,f7g6 h7g7 g8g7 g5e6 g7g8 e6d8,1438,75,95,19928.0,attraction crushing endgame exposedKing fork long sacrifice,https://lichess.org/vu70Maig/black#56,
0078T,rk5r/1b3R2/pp2p2q/4P2p/B2p3B/4R2P/PP4P1/5Q1K b - - 0 27,d4e3 f7b7 b8b7 f1f7 b7b8 h4e7,2267,79,81,81.0,attraction crushing defensiveMove exposedKing long middlegame queensideAttack sacrifice,https://lichess.org/mXf4gFYU/black#54,
007AS,r3kb1r/3nnpp1/4p1bp/1NppP3/3P4/6N1/P2BBPPP/R3K2R b KQkq - 0 17,a8b8 b5d6 e8d8 d2a5,1627,83,87,30.0,crushing master middlegame short,https://lichess.org/Nfuw1Dug/black#34,Caro-Kann_Defense Caro-Kann_Defense_Advance_Variation
007HB,rn2q1k1/pp3ppp/2pb4/3p1B2/2Pn4/1Q3N2/PP3PPP/R1B4K w - - 0 15,f3d4 e8e1,675,82,100,78.0,mate mateIn1 middlegame oneMove,https://lichess.org/prYQo0BK#29,Petrovs_Defense Petrovs_Defense_Classical_Attack
007Rn,4r1k1/p4p1p/1p6/6q1/3P2n1/P4Q2/1P1B2P1/7K w - - 0 34,d2g5 e8e1 f3f1 e1f1,992,82,75,74.0,endgame mate mateIn2 short,https://lichess.org/L9kH7FqT#67,
007XE,2kr3r/p1p1bpp1/2p2n1p/8/8/1P6/P1P1RPPP/RNB3K1 w - - 1 16,e2e7 d8d1 e7e1 d1e1,645,90,79,66.0,backRankMate fork mate mateIn2 middlegame short,https://lichess.org/f4f7UwiT#31,Kings_Pawn_Game Kings_Pawn_Game_Leonardis_Variation
007c6,2kr3r/pp1n2pp/2QB1bp1/5q2/2B5/8/PPP2PPP/3R1RK1 b - - 0 17,b7c6 c4a6,723,79,56,151.0,bodenMate mate mateIn1 middlegame oneMove,https://lichess.org/vqwzqZHC/black#34,Elephant_Gambit Elephant_Gambit_Other_variations
007eS,6k1/p4p2/1p5p/4r3/P3B3/1P3P2/2PK2PP/8 w - - 0 29,d2e3 f7f5 g2g4 f5e4,1105,75,97,9881.0,advantage endgame short,https://lichess.org/8qs8bafy#57,
007fJ,8/1P3ppp/8/8/8/2pk3P/3p2P1/3K4 w - - 0 52,b7b8q c3c2,509,101,94,252.0,advancedPawn endgame mate mateIn1 oneMove queenEndgame,https://lichess.org/34ezZi7R#103,
007gO,2r3rk/5p2/4p2p/4q3/1Q6/8/1P3PPP/R4RK1 w - - 0 31,a1c1 e5g5 g2g3 c8c1,2177,86,76,45.0,crushing endgame short,https://lichess.org/id1brvZc#61,
007ku,r1bq3Q/1np2kp1/p5B1/1p1Pp3/1Pn2BP1/2b2P2/P3K3/R4N2 b - - 5 35,f7g6 h8h5 g6f6 f4g5,1605,74,88,957.0,mate mateIn2 middlegame short,https://lichess.org/QveLbBjG/black#70,
007tv,r3k1nr/1pp2ppp/1pnp2q1/4p1B1/2B1P3/3P1Q1P/PPP2PP1/R4RK1 b kq - 0 11,g6g5 f3f7 e8d8 f7f8 d8d7 f8a8,1243,74,92,1167.0,advantage attackingF2F7 long middlegame skewer,https://lichess.org/ky7qZNjk/black#22,Italian_Game Italian_Game_Giuoco_Pianissimo
0088O,7Q/2p5/1p2prp1/p4k1p/P4p1P/8/6RK/3q4 b - - 2 37,d1a4 g2g5 f5e4 h8f6,1100,77,85,437.0,crushing deflection endgame short,https://lichess.org/GmH1DPx6/black#74,
008D5,r1bqk2r/pp3ppp/4p2n/3pP3/1b1P1P2/2N5/PP4PP/R1BQKB1R b KQkq - 2 9,h6f5 d1a4 c8d7 a4b4,1423,74,85,1178.0,advantage fork master opening short,https://lichess.org/jIGC2FuP/black#18,French_Defense French_Defense_La_Bourdonnais_Variation
008EC,6k1/4rpp1/p6p/7P/q1pP1R2/2Pb2Q1/P4RP1/6K1 w - - 9 31,f4f7 e7f7 g3b8 g8h7 f2f7 a4d1 g1f2 d1f1 f2g3 f1f7,2280,122,93,18.0,advantage endgame skewer veryLong,https://lichess.org/q5CqLXP5#61,
008GK,1k1r4/ppp3p1/8/1P5p/8/P3n2P/2P1r1P1/B3NRK1 b - - 4 31,d8d1 f1f8 d1d8 f8d8,437,100,89,1623.0,backRankMate endgame mate mateIn2 short,https://lichess.org/9vFFDYsH/black#62,
008LD,8/6pp/4N1k1/5p2/5P2/5rPb/4R2P/6K1 w - - 0 35,e6g5 f3f1,412,93,78,165.0,endgame mate mateIn1 oneMove,https://lichess.org/jzHHsjDp#69,
008LT,r4rk1/6p1/b3p1nN/p1pp4/1p3P1q/3P1Q1B/PPP2PK1/R6R b - - 0 26,g8h8 h6f7 f8f7 h3e6,2380,82,90,1174.0,crushing kingsideAttack middlegame pin sacrifice short,https://lichess.org/vnxisKeU/black#52,
008Nz,6k1/2p2ppp/pnp5/B7/2P3PP/1P1bPPR1/r6r/3R2K1 b - - 1 29,d3e2 d1d8,457,99,84,884.0,backRankMate mate mateIn1 middlegame oneMove,https://lichess.org/HNU4zavC/black#58,
008P4,8/4k3/1p1p4/rP2p1p1/P2nP1P1/3BK3/8/R7 w - - 0 35,e3d2 d4b3 d2c3 b3a1,722,91,94,1511.0,crushing endgame fork short,https://lichess.org/3GoHPRp3#69,
008Sk,8/6pp/3Bp2k/p2pP2P/P2bp1PK/8/r7/5R2 b - - 2 37,d4f2 f1f2 g7g5 h4g3 a2f2 g3f2,1959,79,94,11343.0,crushing endgame long,https://lichess.org/rah6MiKa/black#74,
008Y3,r5k1/1p1rqpp1/p3pnp1/2PN4/8/1Q5P/PP3PP1/3RR1K1 b - - 0 24,e7c5 d5f6 g7f6 d1d7,1098,75,100,486.0,advantage discoveredAttack kingsideAttack middlegame short,https://lichess.org/jAILX5BH/black#48,
008lc,7k/pb1qn2n/1p2R2Q/2p2p2/2Pp4/3B4/PP3PrP/4RK2 b - - 1 27,g2g7 h6g7 h8g7 e6e7 d7e7 e1e7,1931,75,93,1956.0,attraction crushing exposedKing fork long middlegame,https://lichess.org/UdZXrVA5/black#54,
008nF,2rq1rk1/7p/1n4pb/1R2p3/pPpP1P2/P1B5/3NQ1PP/2R3K1 w - - 0 31,e2e5 f8e8 e5e8 d8e8,2194,85,89,684.0,crushing master middlegame short trappedPiece,https://lichess.org/tYO5rrIU#61,
008o6,Q5k1/p1p3p1/5rP1/8/3P4/7P/q3r3/B4RK1 b - - 1 34,f6f8 a8f8,471,87,75,117.0,endgame mate mateIn1 oneMove,https://lichess.org/1k4lXfEi/black#68,
008oX,4r1k1/2R3pp/2p4q/1p1p4/3P4/P7/1PP2R2/1K1N4 b - - 3 32,e8e1 c7c8 e1e8 c8e8,978,76,71,217.0,endgame mate mateIn2 short,https://lichess.org/APGKH8YH/black#64,
008tL,8/7k/pR5p/3p4/5r2/2P1p2P/P5P1/6K1 w - - 0 40,b6a6 e3e2 a6e6 f4f1,1073,76,95,3012.0,advancedPawn crushing endgame master rookEndgame short,https://lichess.org/yhNupFCi#79,
0092V,r2qk1nr/ppp3pp/2n5/1B1pp3/1b1P4/5Q1P/PP1B1PP1/RN2K2R b KQkq - 3 11,e5e4 b5c6 b7c6 f3h5 g7g6 h5e5,2373,78,85,1207.0,crushing exposedKing long opening,https://lichess.org/bW5LiCa5/black#22,Ponziani_Opening Ponziani_Opening_Other_variations
0092z,2r3k1/2qR1ppp/p7/2p2Q2/P7/7P/5PP1/6K1 b - - 3 26,c7c6 f5f7 g8h8 f7g7,946,86,94,415.0,endgame mate mateIn2 short,https://lichess.org/fjaha7q0/black#52,
0095W,8/pp1r2kp/q2P1ppb/4p3/2N1P3/1Q5P/PPR2PP1/6K1 w - - 3 32,c4e5 f6e5 c2c7 a6d6,1907,74,95,1325.0,advantage endgame hangingPiece short,https://lichess.org/CaL8Bl7F#63,
009BH,3r2k1/6p1/4Q3/4B3/1p3P2/4PKP1/3q4/8 b - - 17 51,g8h8 e6h6 h8g8 h6g7,1459,74,99,1161.0,endgame mate mateIn2 pin short,https://lichess.org/QauOOpOY/black#102,
009De,r1q4r/2p1kP2/3p4/2pPp3/p1P1Pb2/P1NB3b/1P3KP1/R2Q1R2 w - - 1 23,g2h3 c8h3 d1f3 h3h2 f3g2 f4e3 f2f3 h8h3 g2h3 h2h3,1925,80,79,50.0,advantage exposedKing middlegame veryLong,https://lichess.org/PsMgMg87#45,
009FS,r2qr1k1/p5bp/1pp1b1p1/8/2QN1p2/2P1n2P/PP3PP1/R1B1RNK1 w - - 1 18,d4e6 e3c4 e6d8 e8e1,1740,75,79,125.0,crushing discoveredAttack opening short,https://lichess.org/MOdm5bE7#35,Sicilian_Defense Sicilian_Defense_Closed
009IO,3rk3/5p1r/p2Np1p1/3bP3/P2n4/8/1P3RPP/5RK1 b - - 4 25,e8e7 f2f7 h7f7 f1f7,1168,81,87,539.0,hookMate mate mateIn2 middlegame short,https://lichess.org/LJBrm9Or/black#50,
009L0,6k1/pb2r1pN/1n4Bp/3p4/1P2pR2/P7/3R1PPP/2r3K1 w - - 2 30,d2d1 c1d1,706,146,18,22.0,backRankMate hangingPiece mate mateIn1 middlegame oneMove,https://lichess.org/SAhQtou2#59,
009Os,r2b2k1/1p3q1p/p2p4/3P2p1/2P1PRQr/8/P2B3P/2R4K w - - 1 29,g4g3 h4f4 d2f4 f7f4 g3f4 g5f4,1392,89,76,36.0,crushing long middlegame,https://lichess.org/AdjEnXlm#57,
009Wc,1r3rk1/1pq2pbp/p1p1pnp1/2N1N3/3P4/1QP5/PP3PPP/3RR1K1 w - - 2 19,e5d7 f6d7 c5d7 c7d7,933,81,95,1384.0,crushing middlegame short,https://lichess.org/WnthPrdl#37,Caro-Kann_Defense Caro-Kann_Defense_Classical_Variation
009XT,rn1qk2r/pp3ppp/3bp1b1/3p4/3Pn2N/3BB3/PPP2PPP/RN1Q1RK1 w kq - 4 10,h4g6 d6h2 g1h1 h7g6,2061,72,94,13040.0,crushing intermezzo opening short,https://lichess.org/bf23N8Ng#19,Caro-Kann_Defense Caro-Kann_Defense_Exchange_Variation
009bR,4r2k/3q2r1/1p4pQ/p1pP4/2P4P/1N4p1/PP3RK1/8 b - - 1 37,g7h7 f2f8 e8f8 h6f8,894,76,100,98.0,endgame mate mateIn2 short,https://lichess.org/rvHGlZar/black#74,
009f8,8/1p4p1/pb2ppkp/3n4/3P4/P3BN1P/1P2KPP1/8 b - - 0 26,g6f5 f3h4 f5e4 f2f3,1178,83,91,150.0,endgame mate mateIn2 short,https://lichess.org/paDYagZM/black#52,
009lk,1R6/6pk/2p4p/3bP2r/5B1P/2P2qP1/P4P1Q/4R1K1 w - - 2 40,e1e3 f3d1 e3e1 d1e1,925,79,95,876.0,mate mateIn2 middlegame short,https://lichess.org/gLNPef4f#79,
009oc,5Q2/pbp3np/1p1pB1pk/1P6/P3q2P/6K1/8/8 b - - 1 32,e4e6 f8f4 g6g5 f4g5,1074,75,96,600.0,endgame mate mateIn2 short,https://lichess.org/426eHXom/black#64,
009tE,6k1/6pp/p1N2p2/1pP2bP1/5P2/8/PPP5/3K4 b - - 1 28,f6g5 c6e7 g8f7 e7f5,652,103,90,671.0,crushing endgame fork short,https://lichess.org/fUV1iXBx/black#56,
009uB,3br2r/5k1p/4p1pQ/P5P1/1B5P/P6q/5R2/6K1 b - - 1 35,f7g8 f2f8 e8f8 h6f8,964,82,95,285.0,mate mateIn2 middlegame short,https://lichess.org/1llcQdqK/black#70,
009zR,3r4/p1p2ppp/4k3/6Q1/5P2/4P3/Prqn2PP/3R1RK1 w - - 3 22,g5d8 d2f3 g1h1 c2g2,1629,78,87,169.0,discoveredAttack endgame mate mateIn2 short,https://lichess.org/SctCD3fJ#43,
00A1H,2r3k1/4brp1/2p3b1/2Pp1q1p/3B3P/2P2N2/PP3P1K/R2Q2R1 w - - 1 31,f3g5 f5f4 h2g2 e7g5,2041,84,82,202.0,crushing middlegame short,https://lichess.org/GeoPB5fa#61,
00A5m,8/1p6/p1p2p2/P3b3/1PK3P1/2PBk3/8/8 b - - 3 60,e3d2 d3f5 e5c7 f5c8 b7b6 a5b6 c7b6 c8a6,2041,74,89,539.0,bishopEndgame crushing endgame quietMove veryLong,https://lichess.org/Y4Ftfosz/black#120,
00A5v,4r1k1/pp1qr1p1/7p/2pPR3/2P2p2/1PQ2P2/P5PP/4R1K1 w - - 3 33,c3d2 e7e5 e1e5 e8e5,876,100,84,672.0,crushing endgame short,https://lichess.org/1WXk6Mn2#65,
00AB1,8/7Q/3p1kp1/1p6/2b5/2P4P/5PPK/4q3 b - - 8 36,e1c3 h7h8 f6e6 h8c3,1096,76,96,10316.0,crushing endgame short skewer,https://lichess.org/KQDr21Ph/black#72,
00AGs,rn2k2Q/5p2/2p1p1r1/1q4p1/8/8/4NPPP/3R1K1R b q - 5 23,e8e7 h8d8,840,86,93,375.0,mate mateIn1 middlegame oneMove,https://lichess.org/gBoWCcF2/black#46,
00AHY,r6k/3NR1p1/4n2p/5b2/p6P/6R1/8/6K1 w - - 2 43,h4h5 a4a3 g3a3 a8a3 e7e8 h8h7,1358,78,84,1510.0,advantage endgame long,https://lichess.org/SFxNjHBp#85,
00AOH,6k1/1R6/1p2p1pp/4P3/p1N2P2/6PK/7P/1r6 w - - 0 48,b7b6 b1b6 c4b6 a4a3 b6d7 a3a2,822,86,95,660.0,advancedPawn advantage endgame long,https://lichess.org/D6NQDAPE#95,
00AVR,br1qkb1r/p1pp1ppp/4Pn2/6B1/3Qn3/5NP1/P3PPBP/RN1R2K1 b k - 0 15,d7e6 d4a4 d8d7 d1d7,1722,76,77,87.0,crushing opening short,https://lichess.org/KxeQFmHl/black#30,Zukertort_Opening Zukertort_Opening_Black_Mustang_Defense
00AXb,5kr1/pp3p1p/1q2pBb1/1B1p4/P7/5P2/1P4rP/2Q1K2R b K - 0 21,g2g1 h1g1 b6g1 b5f1 g6c2 c1f4,2115,132,82,19.0,advantage defensiveMove long middlegame,https://lichess.org/4i5kxYT5/black#42,
00Aae,1R6/1P6/4pkp1/5p2/3P3p/3KP3/8/1r6 b - - 0 43,h4h3 b8f8 f6e7 b7b8q b1b8 f8b8,1022,80,88,341.0,advancedPawn clearance crushing endgame long promotion rookEndgame,https://lichess.org/mLIjph1r/black#86,
00Aas,3r1rk1/1p2q1pp/5p2/8/1P1n4/6Q1/PPbB1PPP/R2B1RK1 w - - 9 20,d1c2 d4e2 g1h1 e2g3 f2g3 d8d2,1204,75,98,6893.0,crushing fork long middlegame,https://lichess.org/wYjuq3zz#39,
00AbP,4r1k1/pp3pp1/2p5/7b/4P2P/2P2N2/PP4K1/3R4 b - - 0 24,e8e4 d1d8 g8h7 f3g5,735,98,100,26.0,crushing endgame short,https://lichess.org/0NyDgLKw/black#48,
00Ac7,8/2p1pk1p/Pp4p1/8/p1P2P2/3r2P1/3PR2P/3K4 b - - 1 33,a4a3 a6a7 d3d8 e2e3 a3a2 e3a3,2227,75,96,933.0,advancedPawn advantage endgame long rookEndgame,https://lichess.org/SIcsTksL/black#66,
00AcQ,8/1bpp2k1/1p5r/1P2P3/3P1P2/2P1n1K1/2Q3P1/8 w - - 0 30,c2a2 h6g6 g3f2 g6g2,1658,74,91,610.0,crushing endgame short,https://lichess.org/MqFuiB4J#59,
00AdI,3r4/4kp1p/1PQ1p1p1/p3b3/1p2P2P/1P6/6PK/8 w - - 1 36,h2h3 d8d3 g2g3 d3g3 h3h2 g3c3,1212,75,98,4782.0,crushing discoveredAttack endgame long,https://lichess.org/WWyIGzPi#71,
00Af3,8/8/2B2p1p/P4Pp1/3p1kP1/1b1Pb2P/8/4K3 b - - 0 50,f4g3 a5a6 b3c4 a6a7,1167,75,96,4698.0,advancedPawn bishopEndgame crushing endgame short,https://lichess.org/JBQDYKyD/black#100,
00AhO,r1b2rk1/2q2p1p/1p2pbp1/pP6/2P1Q3/P2B1N2/5PPP/3R1RK1 w - - 0 20,e4a8 c8b7 a8a7 f8a8 a7a8 b7a8,1348,76,99,1015.0,advantage clearance long middlegame trappedPiece,https://lichess.org/9PjjgfVE#39,
00Ahb,1k4nr/pp1r1ppp/4p3/1Nb2q2/2Pp4/6P1/PP3P1P/R1BQR1K1 b - - 2 14,g8h6 c1f4 f5f4 g3f4,1138,76,83,228.0,crushing middlegame short,https://lichess.org/Cyj8Qkox/black#28,Sicilian_Defense Sicilian_Defense_Franco-Sicilian_Variation
00Al5,2r3k1/p2q1pbp/1p2pnp1/nB1p4/3P4/1Pr1P2P/P1QB1PP1/2R2RK1 w - - 0 19,b5d7 c3c2 d7c8 c2d2,1641,75,97,7485.0,advantage middlegame short,https://lichess.org/EtyflSie#37,Slav_Defense Slav_Defense_Schlechter_Variation
00AoZ,8/1R6/p1pk4/6bp/1QP5/P7/KP6/3r2q1 b - - 2 44,g1c5 b7d7 d6d7 b4c5,986,81,93,3365.0,advantage deflection endgame short,https://lichess.org/356BAYqk/black#88,
00Aok,5rk1/Q2B1p1p/4p1p1/3p4/3N2b1/2q5/Pr3RPP/5RK1 w - - 0 23,f2f7 c3e3 g1h1 f8f7 a7a8 g8g7 f1f7 g7f7 a8e8 f7f6,2236,95,51,26.0,crushing intermezzo middlegame veryLong,https://lichess.org/kVjMAqKr#45,
00Aq4,2k1r3/pppn1pp1/3b2b1/3p2Pp/2B2P2/3P3P/PPPR4/2K3NR w - - 0 18,c4d5 e8e1 d2d1 d6f4 c1b1 e1d1,1535,108,48,92.0,backRankMate deflection long mate mateIn3 middlegame,https://lichess.org/VIBqOZyc#35,Scandinavian_Defense Scandinavian_Defense_Main_Line
00AuR,8/4bkp1/R6P/4p3/Pp2P3/1P1rB3/6P1/6K1 b - - 0 33,d3e3 h6h7 e3e1 g1h2,1695,81,85,34.0,advancedPawn crushing endgame short,https://lichess.org/NQjprK7P/black#66,
00B2k,r4rk1/pbp3pp/1p1pp3/6B1/2PPp2q/3nP2P/PP3P2/R2QKBR1 w Q - 8 16,f1d3 h4f2,833,130,43,17.0,attackingF2F7 mate mateIn1 middlegame oneMove,https://lichess.org/SIYAVKzo#31,Dutch_Defense Dutch_Defense_Queens_Knight_Variation
00B3B,2K5/3P4/5b2/p1B5/P7/3k4/6p1/8 w - - 7 77,d7d8q f6d8 c8d8 d3c4,1503,75,94,2123.0,crushing endgame short,https://lichess.org/b7iJvp5Z#153,
00B5A,r2qk2r/ppp2ppp/2n1b3/1B1N4/3b4/3P3P/P1P1QPP1/1R2K1NR w Kkq - 4 13,g1f3 d8d5 f3d4 d5d4 b5c6 b7c6,1549,75,94,14408.0,advantage hangingPiece long middlegame,https://lichess.org/JCYgLgB2#25,Nimzowitsch_Defense Nimzowitsch_Defense_Other_variations
00B7G,1rb2r1k/4q2p/p2p4/3B1p2/1pPb4/1P2NQ2/P5PP/2R2RK1 w - - 1 24,g1h1 e7e3 f3e3 d4e3,1688,74,86,144.0,crushing middlegame short,https://lichess.org/jBgjHSYd#47,
00BKa,5rk1/p1Rb1ppp/2n1pn2/8/8/2P3P1/q4PBP/1rNQK2R b K - 2 16,f8c8 c7c8 d7c8 c1a2 b1d1 e1d1,2505,82,91,980.0,advantage long middlegame,https://lichess.org/0bBHtpd4/black#32,French_Defense French_Defense_Winawer_Variation
00BM8,r4rk1/pp2bppp/2ppnn2/8/N1P1P3/q1P4P/P2N2PB/R2Q1R1K b - - 0 16,a8d8 d2b1 a3a4 d1a4,1617,75,93,6970.0,advantage master middlegame short trappedPiece,https://lichess.org/IBbaWSo7/black#32,Caro-Kann_Defense Caro-Kann_Defense_Other_variations
00BSo,2r3k1/4R1pp/p1p2p2/2p5/2P5/1PbN3P/P4PP1/6K1 w - - 0 25,d3c5 c3b4 e7a7 b4c5,1151,77,93,783.0,advantage endgame short,https://lichess.org/SjQSgSG9#49,
00Bex,1rb1qrk1/6bp/2np4/2pNpp2/2P5/3P1B2/1B3PPP/1R1QR1K1 b - - 0 22,c8e6 d5c7 e8f7 c7e6,1657,121,33,17.0,crushing middlegame short,https://lichess.org/qNuFxL0D/black#44,
00Bg4,3r2k1/1q3ppp/p2rp3/Qp1B4/7P/P4P2/1PP3P1/1K1R3R b - - 0 21,d6d5 a5d8 d5d8 d1d8,1370,85,75,306.0,backRankMate endgame mate mateIn2 short xRayAttack,https://lichess.org/6qWf8wOP/black#42,
00Bm8,8/6kp/4b1q1/1p6/1PpPp2Q/2P1P3/r2N2P1/5RK1 w - - 7 34,d2e4 g6g2,1126,76,86,325.0,endgame master mate mateIn1 oneMove,https://lichess.org/ynNNLRgG#67,
00Bn0,r1bqkb1r/pp1pnppp/2n1p3/1N6/5B2/8/PPP1PPPP/R2QKBNR b KQkq - 4 6,e6e5 b5d6,1088,117,90,100.0,mate mateIn1 oneMove opening smotheredMate,https://lichess.org/uxtqY7nh/black#12,Horwitz_Defense Horwitz_Defense_Other_variations
00Bn4,1k6/pp6/4nNp1/P6p/3pr3/7P/3R1PPK/8 b - - 0 40,e4e5 f6d7 b8c7 d7e5,694,99,85,709.0,crushing endgame fork short,https://lichess.org/jvMUtZF5/black#80,
00Bp0,1r2kr2/pp3p1p/2b1pn2/4N3/2P5/1N1B4/P3KP1P/6R1 b - - 4 21,f6e4 e5c6 b7c6 d3e4,1251,77,93,8554.0,advantage capturingDefender middlegame short,https://lichess.org/GN8F9TsL/black#42,
00BrZ,r6r/pp2kb2/3p1p1Q/1N1Pp3/3bP3/P2B2P1/1P4PP/7K w - - 6 28,h6d2 h8h2 h1h2 a8h8 d2h6 h8h6,1399,75,84,436.0,attraction kingsideAttack long mate mateIn3 middlegame sacrifice,https://lichess.org/ANKrgoJi#55,
00Bul,rnbqk2r/pp3ppp/5n2/3pN3/2B5/2P5/P1PPQPPP/R1B1K2R b KQkq - 1 8,d5c4 e5c6 c8e6 c6d8,1134,79,92,632.0,advantage discoveredAttack opening short,https://lichess.org/70pObIpq/black#16,Kings_Pawn_Game Kings_Pawn_Game_Gunderam_Gambit
00C3O,r2qkbnr/pp4pp/2p2p2/4n2b/2B1P3/2N2N2/PPP3PP/R1BQ1RK1 w kq - 0 10,d1e2 h5f3 g2f3 d8d4,1973,75,92,1414.0,crushing kingsideAttack opening short,https://lichess.org/F4Vo1eZG#19,Kings_Gambit Kings_Gambit_Other_variations
00C7m,8/5k2/1P4R1/6PK/1r6/8/8/8 w - - 1 58,h5h6 b4h4,749,119,67,58.0,endgame mate mateIn1 oneMove rookEndgame,https://lichess.org/ZbuTrTYp#115,
00C8e,8/5p1k/5Ppb/2p3P1/1p6/8/KB5Q/3q4 b - - 4 58,d1a4 a2b1 a4d1 b2c1,1495,179,100,17.0,endgame equality pin short,https://lichess.org/YqVcRoWF/black#116,
00CBU,8/2pR2kp/pb4p1/8/5p1P/B6K/P1r5/6r1 b - - 3 39,g7h6 a3f8 h6h5 d7h7,1826,81,76,47.0,deflection endgame mate mateIn2 short,https://lichess.org/8sbUxgqT/black#78,
00CFp,rn1q3k/pp4pp/1b2B3/4N3/5r2/2p5/PP4PP/RN3Q1K w - - 0 16,f1f4 d8d1 f4f1 d1f1,512,100,100,38.0,kingsideAttack mate mateIn2 middlegame short,https://lichess.org/6VajuPk6#31,Kings_Gambit_Accepted Kings_Gambit_Accepted_Kings_Knights_Gambit
00CMj,7R/8/8/6p1/2p1p1k1/2PbK2p/P7/8 w - - 4 71,e3f2 e4e3 f2e3 g4g3,1702,75,96,21116.0,crushing defensiveMove endgame master short,https://lichess.org/JJZ8AIxT#141,
00CXr,r2k2nr/pp2qBb1/3p3p/Q5p1/3n1B2/2N2R2/PPP3P1/R5K1 b - - 1 18,b7b6 a5d5 d4f3 g2f3 a8c8 f4d6,2048,77,91,1646.0,advantage long middlegame sacrifice,https://lichess.org/sr8OoFsx/black#36,Kings_Gambit_Accepted Kings_Gambit_Accepted_Fischer_Defense
00CcK,8/8/3p4/4kp2/1pP3pP/1RbK2P1/8/8 w - - 2 42,b3c3 b4c3 d3c3 f5f4 c3d3 f4g3,1608,172,79,12.0,crushing endgame long,https://lichess.org/y0n2EkgP#83,
00CiZ,5r1k/6b1/3p3p/1P1q2pQ/r5P1/3p1N1P/3R2P1/4R2K w - - 2 34,e1d1 f8f3 g2f3 d5f3,1362,78,77,133.0,crushing middlegame short,https://lichess.org/PJQUqCX1#67,
00CpR,4r1k1/B7/2p2pK1/3n3p/8/1Q3PP1/P6r/8 b - - 0 31,e8e5 b3b8 e5e8 b8e8,594,83,84,300.0,endgame mate mateIn2 short,https://lichess.org/tX2xyrPX/black#62,
00Cs4,2r1q1k1/8/b2b1r1p/Pp1pNpp1/3Pn3/1RPQ3P/P1B1NPP1/4R1K1 w - - 3 28,a2a4 b5a4 d3a6 a4b3,1388,86,85,63.0,advantage middlegame short,https://lichess.org/fswqBBFw#55,
00CtS,Q5k1/5q2/p2p4/b1p1pr2/P7/6P1/4KP1R/8 b - - 3 38,g8g7 a8h8 g7g6 h8h6,1043,75,96,2952.0,endgame mate mateIn2 short,https://lichess.org/yKolw9vl/black#76,
00Cwz,1r5r/5pk1/4p3/2Np2PP/p1nP4/n1P5/P3B3/K1R4R w - - 2 34,c5a4 b8b1 c1b1 a3c2,1506,79,87,99.0,mate mateIn2 middlegame sacrifice short,https://lichess.org/o6LOeNAf#67,
00D12,8/6pp/8/3kP3/1p1P2P1/rPpK3P/4R3/8 b - - 1 39,a3b3 e5e6 c3c2 d3c2 b3c3 c2d2,2264,86,89,1197.0,crushing endgame long rookEndgame,https://lichess.org/iC0vC5to/black#78,
00D77,5rk1/bpp3pp/p1npb3/4p3/1P2Nr1q/P1PP3P/1B1QBPR1/2K3R1 b - - 2 21,h4h3 g2g7 g8h8 e4g5,1835,75,92,1758.0,crushing kingsideAttack middlegame short,https://lichess.org/PgppfwbE/black#42,
00D7x,rnq2r2/pp3pbk/3p1n2/2pPpPQ1/2P1P3/2N2NP1/PP4KP/R4R2 b - - 2 18,f8g8 g5h4 g7h6 h4f6,1499,75,95,21260.0,crushing deflection middlegame short,https://lichess.org/RKX1Co2s/black#36,Benoni_Defense Benoni_Defense_Old_Benoni
00DEc,8/p5pk/1p3b1p/3r3P/6P1/3nBN2/P4PK1/4R3 w - - 3 30,e1d1 d3f4 e3f4 d5d1,1091,77,87,166.0,crushing discoveredAttack endgame short,https://lichess.org/T0mRW37D#59,
00DPI,3r2k1/1B3p1p/6p1/3N4/3p2P1/6r1/5KP1/3R4 b - - 5 35,g3g4 d5f6 g8g7 f6g4,985,76,100,283.0,advantage endgame fork short,https://lichess.org/Wjj7mxD9/black#70,
00DPQ,2k4r/pp3pp1/4pn2/2np2p1/8/1B1P1Pq1/PPPN1R2/R2Q3K w - - 6 20,f2h2 g3h2,766,97,84,110.0,kingsideAttack mate mateIn1 middlegame oneMove,https://lichess.org/AKiNfVd0#39,
00DTg,r2qk2r/1pp2ppp/p1pb1n2/4P3/3Q4/2N2b2/PPP2PPP/R1B2RK1 w kq - 0 10,e5f6 d6h2 g1h2 d8d4,1070,83,94,2481.0,crushing discoveredAttack kingsideAttack middlegame short,https://lichess.org/EqbT8Dsc#19,Ruy_Lopez Ruy_Lopez_Exchange_Variation
00DU5,r1bq1rk1/5ppp/p2p1b2/1p1Pn3/1P2Q3/P1NB3P/1B3PP1/R4RK1 b - - 2 17,c8b7 e4h7,511,86,78,85.0,kingsideAttack mate mateIn1 middlegame oneMove,https://lichess.org/sDwtQGBU/black#34,Sicilian_Defense Sicilian_Defense_Delayed_Alapin_Variation
00DWo,b4b1r/3k1ppp/p2p4/1p2p3/3nq3/N1P1B3/PP3PPP/R2Q1RK1 w - - 1 16,c3d4 e4g2,1063,105,82,38.0,kingsideAttack mate mateIn1 middlegame oneMove,https://lichess.org/bSwKB2bL#31,Sicilian_Defense Sicilian_Defense_Kalashnikov_Variation
00DZe,8/5k2/7p/p1P1bPpP/Pp2P3/1P1pBK2/8/8 w - - 1 47,e3f2 g5g4 f3e3 e5d4 e3d3 d4f2,2450,81,94,4236.0,bishopEndgame crushing deflection endgame long master skewer,https://lichess.org/MVHl8Zy9#93,
00DdW,5rk1/4bppp/4b3/1p1pPpPP/2pP4/2P5/rqNQKP2/2RRN3 b - - 5 23,e7a3 c1b1 b2b3 b1b3,1659,74,86,771.0,advantage middlegame short trappedPiece,https://lichess.org/bT7kcwFH/black#46,
00DkJ,3r1bnr/2p2ppp/2b5/R1k5/5P2/2N5/4N1PP/1R4K1 b - - 3 21,c5d6 b1d1 d6e7 a5e5 e7f6 d1d8,1420,76,93,2842.0,crushing deflection exposedKing long middlegame,https://lichess.org/JJiGlqDg/black#42,
00Dt6,5rk1/p4p1p/4p1p1/5nq1/8/5QPP/5PK1/2RR4 w - - 6 35,c1b1 f5h4 g2f1 h4f3,1204,78,67,46.0,crushing endgame pin short,https://lichess.org/TTZUVvIZ#69,
00Dw8,8/2p1N1p1/3r3p/6k1/3p4/6P1/6KP/3R4 w - - 0 42,h2h4 g5f6,1892,135,100,17.0,defensiveMove endgame equality oneMove,https://lichess.org/dlF3OKdi#83,
00Dxh,8/8/8/6R1/2pk2P1/1r3K1P/8/8 w - - 0 48,f3g2 c4c3 g5g7 c3c2,1386,121,69,40.0,advancedPawn crushing endgame rookEndgame short,https://lichess.org/iUtKfI3K#95,
00DzI,8/2p5/2P2k1p/2pKp3/3p2P1/3B1p2/7P/8 w - - 0 42,d5c5 f6g5 c5d5 g5f4 h2h4 f4e3,2619,87,83,51.0,bishopEndgame crushing endgame long,https://lichess.org/5cjWO8nE#83,
00E29,r1bq1rk1/4bppp/p1n5/3P4/Pp6/3B1N2/1B3PPP/R2Q1RK1 b - - 0 17,d8d5 d3h7 g8h7 d1d5,942,76,100,97.0,crushing discoveredAttack kingsideAttack middlegame short,https://lichess.org/tWRCApub/black#34,Sicilian_Defense Sicilian_Defense_Old_Sicilian
00E4Z,1r4k1/p4p1p/6p1/3rb3/K7/2PpB3/1P1R1PPP/7R w - - 1 25,h1d1 d5d6 b2b4 e5c3 e3c5 d6a6,2290,81,84,161.0,advantage endgame long master masterVsMaster quietMove,https://lichess.org/YRE2uOtG#49,
00EBZ,3rr1k1/p4pp1/1pp4p/3pPQ2/1P3P2/2P3qP/P2R2P1/5RK1 w - - 1 24,f1f3 g3e1 g1h2 e1d2,870,98,95,1341.0,crushing endgame fork short,https://lichess.org/FrMf0UcF#47,
00EDN,rnbq1rk1/p4ppp/1p2p3/2p5/2QPn3/2P1PN2/P3BPPP/R1B2RK1 w - - 0 11,c1a3 c8a6 c4a6 b8a6,1632,83,76,37.0,advantage middlegame short,https://lichess.org/clViyZ2d#21,Nimzo-Indian_Defense Nimzo-Indian_Defense_Normal_Variation
00EEp,3k2q1/pb1p3p/1p1P4/2p5/2P2Q1K/8/P7/5R2 b - - 2 36,b7g2 f4f8 g8f8 f1f8,1645,81,88,57.0,endgame mate mateIn2 short,https://lichess.org/dWHeDlRz/black#72,
00EJb,6k1/5pp1/2R1p2p/8/P1B5/1P4P1/1q3Q1P/3r2K1 w - - 1 35,g1g2 d1d2 c6c8 g8h7 c4d3 f7f5 c8c2 d2f2,2283,81,87,443.0,advantage endgame pin veryLong,https://lichess.org/ki9WEgCM#69,
00EUu,8/5P1P/1p4K1/8/6P1/8/2p5/k6r b - - 0 62,h1h6 g6h6 c2c1q g4g5 c1c6 h6g7,2574,80,92,2703.0,crushing defensiveMove endgame long,https://lichess.org/u5HjwjcV/black#124,
00EWi,8/8/1R3pkp/1pP5/1P3PKP/r7/8/8 w - - 2 48,b6b5 f6f5,825,80,100,114.0,endgame mate mateIn1 oneMove rookEndgame,https://lichess.org/RxrVCbwq#95,
00EXS,r3r1k1/p2Q1p1p/1p2p1p1/8/1P1P4/P3P3/1B2Nb1q/2KR1R2 w - - 0 19,f1h1 f2e3 c1b1 h2e2,1579,85,56,29.0,advantage discoveredAttack middlegame short,https://lichess.org/CeNY4SjC#37,
00Ea3,3r4/p5k1/1p1qprnp/1Q1pN1p1/3P1pP1/1PP5/P5PP/4RRK1 b - - 3 29,g6e5 d4e5 d6c5 b5c5 b6c5 e5f6,1317,74,87,386.0,crushing fork long middlegame,https://lichess.org/6TJRc5H1/black#58,
00EbJ,r2q1rk1/ppp2ppp/2nbb3/8/6n1/2NPBN2/PPP1BPPP/R2QK2R w KQ - 5 9,f3g5 g4e3 f2e3 d8g5,1203,92,53,73.0,capturingDefender crushing opening short,https://lichess.org/wlZv7BWx#17,Scandinavian_Defense Scandinavian_Defense_Modern_Variation
00Ec4,2rq1r1k/p5pp/8/1p1BpPb1/2Pp2Q1/P2P2R1/6PP/R5K1 b - - 3 25,c8c7 g4g5 d8g5 g3g5,829,95,85,341.0,crushing middlegame short,https://lichess.org/HUFGdjKK/black#50,
00EgR,N2k3r/1b1n1Bpp/p7/1pb1P3/6P1/4p3/PPP4P/1K1R3R w - - 1 20,e5e6 b7h1 d1d7 d8c8 d7c7 c8b8,1854,75,93,2542.0,advantage long middlegame,https://lichess.org/PfKZb868#39,
00EoE,r1b1k3/ppr4p/5p2/5p2/8/2P3P1/P4PP1/4RK1R b q - 1 23,e8f7 h1h7 f7g6 h7c7,974,79,73,62.0,crushing endgame short skewer,https://lichess.org/25vOJGCF/black#46,
00Er4,r3k2r/p1bN2pp/2p1pp2/3p3b/3P1q2/2N4P/PPPQ1PP1/R3R1K1 w kq - 0 16,e1e6 e8d7 d2f4 c7f4,1336,75,75,148.0,crushing hangingPiece middlegame short,https://lichess.org/xukRQ21f#31,Caro-Kann_Defense Caro-Kann_Defense_Other_variations
00Erm,3r4/6k1/1p1pr1p1/p1p2p2/PnP1p1P1/1P6/3R1PBP/4R1K1 b - - 0 29,b4d3 d2d3 e4d3 e1e6 d3d2 g2f3,1406,76,83,142.0,crushing defensiveMove endgame long,https://lichess.org/kE9mu3xO/black#58,
00Evs,5qk1/pQ3pp1/7p/b2N1b2/P3r3/5K2/7P/R4B2 b - - 1 24,g7g5 d5f6 g8h8 f6e4,1027,79,91,978.0,advantage fork middlegame short,https://lichess.org/ZuufvD5S/black#48,
00Ezc,rnb1k2r/ppp4p/3b1qp1/3P1pBQ/4p2N/2N5/PPP2PPP/R3R1K1 b kq - 1 13,f6f7 c3e4 f5e4 e1e4,2126,75,90,1272.0,crushing middlegame short,https://lichess.org/DlEjvVuJ/black#26,Russian_Game Russian_Game_Italian_Variation
00F2o,6k1/4qpp1/3p3p/8/2BP4/1Pn5/2Qn1PPP/6K1 w - - 0 29,c2c3 e7e1 c4f1 e1f1,979,77,72,121.0,endgame mate mateIn2 short,https://lichess.org/Xik1cEk4#57,
00F3S,3r1rk1/5ppp/p5q1/1p1P4/2PpP3/P6Q/B4PPP/2R3K1 b - - 0 29,g6e4 a2b1 e4b1 c1b1,1330,98,85,21.0,crushing endgame short,https://lichess.org/kCnMPvjO/black#58,
00F5G,2rqrbk1/pp3ppp/4n3/3p1N2/3NnBQ1/2P4P/PP3PP1/R4RK1 b - - 14 22,e6f4 f5h6 g8h8 h6f7,1500,88,75,41.0,crushing deflection kingsideAttack middlegame pin short,https://lichess.org/HLNR4ZJ8/black#44,
00F6y,2k3r1/ppp2prp/1q2b3/8/Q7/2P1R1P1/P4P1P/4R1K1 b - - 3 23,e6d7 e3e8 d7e8 e1e8 g8e8 a4e8,833,97,93,770.0,long mate mateIn3 middlegame queensideAttack sacrifice,https://lichess.org/Hii0fRVd/black#46,
00FF5,r3k3/ppp1qp2/1b1p3p/4p2r/2B1P1b1/P1PP1P2/1P4PQ/RN3R1K b q - 2 18,e7h4 c4f7 e8e7 f7h5,1997,77,92,4234.0,attackingF2F7 crushing middlegame short,https://lichess.org/YBDgjNpz/black#36,Italian_Game Italian_Game_Giuoco_Pianissimo
00FHO,8/1pp5/p2p3p/3P1Pk1/P3K1P1/1P5R/8/2r5 w - - 1 39,e4f3 c1c3 f3g2 c3h3 g2h3 h6h5 g4h5 g5h5,2236,107,66,30.0,crushing endgame rookEndgame veryLong,https://lichess.org/0KBMAMQh#77,
00FHX,2r3k1/5p1p/4pP2/3p3P/8/5P2/p1b3P1/2R3K1 b - - 0 30,c2b1 c1c8,499,95,84,754.0,endgame hangingPiece mate mateIn1 oneMove,https://lichess.org/rztVgThB/black#60,
00FOM,8/5k2/8/3pPPB1/1p4K1/1b6/8/8 b - - 0 45,b3d1 g4h4 d1a4 e5e6,2585,89,71,162.0,bishopEndgame crushing defensiveMove endgame short,https://lichess.org/9wp9pR0Q/black#90,
00FON,1k6/8/8/6p1/1pp5/p4PP1/N1P4P/7K w - - 0 38,h2h4 b4b3 c2b3 c4b3,937,86,92,1740.0,crushing endgame knightEndgame short,https://lichess.org/D9f2JIE8#75,
00FPo,7R/1K3p2/6k1/PP4p1/8/6rp/8/8 b - - 2 47,g5g4 a5a6 h3h2 h8h2,1848,77,93,4601.0,crushing endgame rookEndgame short,https://lichess.org/6C03NLdu/black#94,
00FaB,2k2bn1/ppp2Nrp/2b1p3/3q2BQ/8/8/PP3PPP/RN3RK1 w - - 5 18,b1c3 d5g2,678,77,75,98.0,kingsideAttack mate mateIn1 middlegame oneMove,https://lichess.org/fjSUfcn3#35,Ponziani_Opening Ponziani_Opening_Jaenisch_Counterattack
00FjB,rnbk3r/pppp1Bpp/8/5p2/4p3/2PP4/P1P2PPP/R1B1K2R b KQ - 0 13,h8f8 c1g5,885,146,59,188.0,doubleBishopMate mate mateIn1 middlegame oneMove,https://lichess.org/r1BPO2dx/black#26,Bishops_Opening Bishops_Opening_Boden-Kieseritzky_Gambit
00Fyu,r7/p1qbppbk/2p3p1/2pp4/4PP2/1P1P1N2/P1P3PP/3Q1RK1 b - - 2 16,d7g4 f3g5 h7g8 d1g4,977,245,-100,4.0,advantage discoveredAttack middlegame short,https://lichess.org/kjeZtnnv/black#32,Bird_Opening Bird_Opening_Dutch_Variation
00G0z,Q4n1k/p2b2pp/3b4/2p5/4pq2/2Pn3P/PP1NBPP1/R1B2RK1 w - - 1 23,d2e4 f4h2,1339,93,29,53.0,mate mateIn1 middlegame oneMove,https://lichess.org/5yn9tO6O#45,
00G1l,5k2/1R6/3pp1P1/2p5/1pr1PK2/5P2/8/8 b - - 0 60,c4c1 f4g5 c1g1 g5f6,1922,74,89,313.0,crushing defensiveMove endgame rookEndgame short,https://lichess.org/IWYBiMcT/black#120,
00G7g,3r1rk1/p4pp1/b1p4p/8/BPPq4/P2P3P/2Q3P1/RNB4K b - - 2 27,d4a1 c1b2 a1b2 c2b2,1263,74,93,373.0,advantage middlegame short,https://lichess.org/Gbq7pxMD/black#54,
00GAf,r5k1/5pp1/1p1rb2p/3pR2q/p1pP4/P1P3Q1/5PPN/4R1K1 b - - 1 30,h5g6 g3g6 f7g6 e5e6 d6e6 e1e6,1328,75,75,243.0,crushing long middlegame,https://lichess.org/DJ3edB5i/black#60,
00GBV,3r1rk1/pp2n1pp/8/8/Nq6/1PB5/P3QPPP/4R1K1 b - - 1 25,b4d6 e2e7 d6e7 e1e7,1482,76,85,302.0,advantage middlegame short,https://lichess.org/MksLS6CR/black#50,
00GBX,r6k/pp2n1pp/2nN4/4p1Br/1PB5/2P4b/P3Nb1P/R2R3K b - - 1 22,h5g5 d6f7 h8g8 f7g5,818,80,100,180.0,advantage discoveredAttack fork middlegame short,https://lichess.org/1YLxwOt0/black#44,
00GHw,r1bq1r2/1p4kp/4p1p1/1NpPp1P1/2P1P3/pPQ4B/P4n2/2KR3R b - - 1 21,f2h1 c3e5 g7g8 d5e6 d8e7 d1h1 e7g7 e5g7,2483,102,89,322.0,advantage middlegame veryLong,https://lichess.org/VU9ATvfr/black#42,
00GRa,1r3rk1/2p1Nppb/p2nq3/1p2p1Pp/4Qn1P/2P1N3/PPB2P1K/3R2R1 b - - 5 28,e6e7 e4h7,514,98,95,866.0,kingsideAttack mate mateIn1 middlegame oneMove,https://lichess.org/QiJhfG8J/black#56,
00GVf,2b2k2/6q1/pn4p1/1rp2p2/8/8/1P2Q1P1/1K2R2R b - - 3 32,c8d7 h1h8 g7h8 e2e7 f8g8 e7d8,1522,75,96,6692.0,crushing exposedKing long middlegame sacrifice,https://lichess.org/sTFSNjA5/black#64,
00GWg,1r1r2k1/pp4pp/2nNb3/2R2p2/2P1p3/8/P4PPP/3BR1K1 w - - 1 26,d6b7 b8b7 c5c6 b7b1 g1f1 d8d1 e1d1 b1d1 f1e2 e6d7,2200,76,91,988.0,crushing middlegame veryLong,https://lichess.org/M7Dta3mv#51,
00GY4,3k2r1/pR5R/3r4/4p1q1/7Q/3Pn1PP/PP5K/8 b - - 0 27,g5h4 b7b8,1075,75,100,426.0,endgame mate mateIn1 oneMove,https://lichess.org/uDdpetkC/black#54,
00GYk,1r4k1/p3p1bp/1n3qp1/6B1/6Q1/1P4pP/P5B1/3R3K b - - 0 29,f6e5 g5f4 e5f4 g4f4,1697,76,69,57.0,crushing master middlegame short,https://lichess.org/YCWBuQpY/black#58,
00GcF,6r1/1p1bRk2/p2q1n1r/3p4/3Q4/1P1B3P/P1P2PP1/4R1K1 b - - 4 27,d6e7 e1e7 f7e7 d4e3 e7f7 e3h6,1821,76,93,5296.0,advantage attraction exposedKing fork long middlegame,https://lichess.org/vZo2lFXq/black#54,
00Gt0,R7/4k3/5p2/3p2p1/4b2p/2K1P2P/5PP1/8 w - - 2 47,f2f3 d5d4 c3d4 e4a8,1052,79,83,105.0,crushing discoveredAttack endgame master short,https://lichess.org/5OO7Wczb#93,
00GuD,1n5k/4r1p1/p2q1rPp/1ppB4/8/3P4/PPP1RPQ1/2K4R b - - 4 25,e7e2 h1h6 g7h6 g6g7 h8h7 g7g8q,1210,75,88,551.0,advancedPawn kingsideAttack long mate mateIn3 middlegame promotion sacrifice,https://lichess.org/zcHeWRaO/black#50,
00GuG,2R5/7p/1K4k1/8/5p2/5n2/8/8 w - - 0 63,c8c6 g6f5 b6c5 h7h5,2459,98,90,1175.0,advantage defensiveMove endgame master short,https://lichess.org/6xU6SaA2#125,
00Gvr,8/1b3pp1/1k4Pp/4K2P/4PP2/8/8/8 b - - 0 46,f7f6 e5e6 b7e4 e6f7,1154,76,89,2770.0,advantage bishopEndgame defensiveMove endgame master short,https://lichess.org/tHhRpYsL/black#92,
00Gz6,r7/p3qkp1/1p4p1/3Nn3/Q7/4PP2/PP3K2/6R1 b - - 0 25,e7c5 a4f4 f7e6 f4e4 a8f8 g1g6,2571,104,91,863.0,crushing endgame fork long pin,https://lichess.org/F80hPRFE/black#50,
00H1C,r3r3/1kpRnqpp/p4p2/Qp2P2P/1N6/4Pb2/PPP3P1/2K2R2 b - - 0 22,e7c6 a5c7,1397,75,91,1440.0,mate mateIn1 middlegame oneMove,https://lichess.org/GzcjOw0p/black#44,
00H2I,4rrk1/ppp2pp1/7p/3n4/3P3q/1P2p2P/P5P1/R1BQRBK1 w - - 2 23,c1b2 h4f2 g1h2 f2b2,2033,77,87,43.0,crushing fork middlegame short,https://lichess.org/cCjO5vXk#45,
00H2L,8/8/2p2p2/p4P1p/Pk5P/4K1P1/8/8 w - - 1 39,e3d3 c6c5 d3e2 c5c4 g3g4 h5g4,2637,88,91,400.0,crushing endgame long pawnEndgame quietMove,https://lichess.org/UMoEkwn0#77,
00H5n,8/5Rpk/3p3p/p1qPp3/P3n3/5N1P/1Q3PPK/2r5 b - - 0 35,e4f2 b2b7 c1h1 h2g3 f2e4 g3g4 e4f6 f7f6 c5b4 b7b4,2401,91,88,263.0,advantage endgame pin quietMove veryLong,https://lichess.org/84oSZ8O3/black#70,
00H87,6k1/2q1pp2/p5pB/2p4n/3pP1Q1/P2P3P/1r4P1/5RK1 b - - 1 30,c7g3 g4c8 g8h7 f1f7 h5g7 f7g7 h7h6 c8h8 h6g5 g7g6 g5g6 h8g8 g6f6 g8g3,1958,76,88,410.0,attraction crushing deflection endgame sacrifice skewer veryLong,https://lichess.org/hQEAqclb/black#60,
00H8a,5bk1/2R4p/6p1/8/2b1NP1P/4P1K1/r7/8 b - - 2 45,c4d3 e4f6 g8h8 c7h7,807,77,100,258.0,arabianMate endgame mate mateIn2 short,https://lichess.org/7UUQgJDC/black#90,
00H9n,7k/6p1/8/4p3/Pp1b4/1P3b1q/3Q2P1/5RK1 w - - 0 45,d2d4 h3g2,886,78,90,300.0,endgame mate mateIn1 oneMove,https://lichess.org/MaGCLflH#89,
00HEh,3R1rk1/pp3ppp/2p3b1/2n3P1/2B2q1P/5N2/PPP1QP2/4R1K1 b - - 0 23,f8d8 e2e8 d8e8 e1e8,814,86,90,437.0,kingsideAttack mate mateIn2 middlegame sacrifice short,https://lichess.org/ekEf00kl/black#46,
00HEx,b7/5pk1/R3pn1p/8/3NP3/5P2/6PP/2rB2K1 w - - 1 31,a6a8 c1d1 g1f2 d1d4,936,75,97,1026.0,crushing endgame fork hangingPiece short,https://lichess.org/Kl5pBLfs#61,
00HGG,8/pp6/2p1kpp1/3p4/3P1PPp/1P3K2/P1P4P/8 w - - 0 31,g4g5 f6g5 f3g4 g5f4 g4f4 e6f6,1666,75,82,126.0,crushing defensiveMove endgame long pawnEndgame,https://lichess.org/JyqJknFl#61,
00HHN,4r2k/p6p/1p3R2/2p5/2P5/1P4R1/r5PP/2K5 w - - 0 32,f6f7 e8e1,488,85,98,672.0,endgame mate mateIn1 oneMove rookEndgame,https://lichess.org/tMmxk7ja#63,
00HIV,8/8/1p1k1n1p/4p3/1PP2pp1/3K4/3N1PPP/8 b - - 3 37,h6h5 d2e4 f6e4 d3e4,677,79,100,348.0,crushing endgame knightEndgame short,https://lichess.org/1mef1VFJ/black#74,
00HPz,6r1/7p/2pk1p2/P2p4/P2KbP2/4P3/4NR1P/8 w - - 1 35,e2c3 c6c5,659,90,95,582.0,endgame mate mateIn1 oneMove,https://lichess.org/ElfQqRYp#69,
00HSV,r2q1kr1/ppp2p1p/2n5/8/3P4/P2BP1N1/1P1Q1PbP/R3K2R w KQ - 0 17,d3h7 g8g3 f2g3 g2h1,1853,77,73,59.0,advantage middlegame short,https://lichess.org/RldMoyAB#33,Queens_Gambit_Declined Queens_Gambit_Declined_Queens_Knight_Variation
00HVU,r2qkb1r/ppp1pppp/8/3p3Q/3n1P2/3B3P/PPP2PP1/RN2K2R b KQkq - 1 9,g7g6 h5e5 d4f3 g2f3,1588,74,92,1766.0,advantage fork middlegame short,https://lichess.org/SHbaicFX/black#18,Indian_Defense Indian_Defense_Other_variations
00HZC,4r1k1/pp1qn3/2p4R/6p1/3P1rR1/3Q2P1/PP3P1P/6K1 b - - 0 31,f4g4 d3h7 g8f8 h6f6,1524,75,74,130.0,endgame mate mateIn2 short,https://lichess.org/SPwu7cIA/black#62,
00HZa,6k1/6pp/1p6/p1n5/4qp2/1P2PN2/P4PPP/3Q2K1 b - - 0 28,f4e3 d1d8 g8f7 f3g5 f7g6 g5e4,943,85,87,334.0,crushing endgame fork long,https://lichess.org/WRMbDs53/black#56,
00HeG,8/1p5k/p3pQq1/3pP3/2p3P1/2P5/PP6/2K5 w - - 3 33,f6h4 g6h6 h4h6 h7h6,723,92,95,309.0,crushing endgame queenEndgame short,https://lichess.org/Fe29uA9P#65,
00Hk4,5rk1/p4ppp/4p3/1Q6/1P1BN1b1/8/Pq3PPP/R1r1KB1R w KQ - 2 18,a1c1 b2c1,919,77,100,99.0,mate mateIn1 middlegame oneMove,https://lichess.org/gpoTbULY#35,Scandinavian_Defense Scandinavian_Defense_Modern_Variation
00HnR,q5kr/p4p2/3Bb1p1/4p2p/5n2/2P5/P1Q2PPP/3R1RK1 w - - 4 21,d6e5 a8g2,684,76,100,194.0,mate mateIn1 middlegame oneMove,https://lichess.org/Iva57KFW#41,
00HoG,5r1k/5r2/2b2RQp/1p1p2p1/1q4P1/8/8/1B3R1K b - - 0 36,f7f6 g6h7,1552,75,93,3465.0,mate mateIn1 middlegame oneMove,https://lichess.org/zwJu9mKP/black#72,
00Htd,rnbqk2r/1p3ppp/p4b2/2Pp4/8/2N2N2/PP2PPPP/R2QKB1R w KQkq - 0 9,d1d5 f6c3 b2c3 d8d5,996,86,93,1031.0,crushing intermezzo opening short,https://lichess.org/ZWQwqa9S#17,Tarrasch_Defense Tarrasch_Defense_Two_Knights_Variation
00Hut,r4rk1/4p1bp/3p2p1/q1pP1P2/4QP2/4B3/1p5P/1BKR3R w - - 0 22,c1c2 a5c3,1294,74,100,506.0,mate mateIn1 middlegame oneMove,https://lichess.org/wzUXW4h3#43,
00Hxb,1rbr1k2/p4ppp/2B5/2pR1NP1/2P5/P7/7P/4R1K1 b - - 0 27,d8d5 e1e8,1126,80,83,1101.0,endgame mate mateIn1 oneMove,https://lichess.org/FW9LwaHK/black#54,
00HzH,2r2Qk1/p2q2p1/1p2p1Np/3p3P/3Pb1P1/2P5/PP3R2/6K1 b - - 4 33,c8f8 f2f8 g8h7 f8h8,795,84,90,360.0,endgame hookMate mate mateIn2 short,https://lichess.org/XB8lgZ9N/black#66,
00HzX,4r1k1/5pp1/2R4p/1p6/8/1PP3QP/2q2PP1/6K1 w - - 0 29,c6h6 c2c1 g1h2 c1h6,1555,74,92,1206.0,crushing endgame fork short,https://lichess.org/tKKATkce#57,
00ICz,2k2rr1/1p1q3p/1p2p3/1NbpQ3/P1p2P2/6P1/6KP/R4R2 b - - 0 31,f8f5 b5a7 c8d8 e5b8 d8e7 b8g8,1142,76,96,2701.0,crushing long middlegame skewer,https://lichess.org/aGEDdbh2/black#62,
00IDw,4r3/pN3kpp/2N1b3/2R5/5b2/P7/1P3PPP/7K w - - 1 30,g2g3 e6h3 c5c1 f4c1,1875,75,86,148.0,advantage endgame quietMove short,https://lichess.org/KmTVU8Fo#59,
00IF1,1k6/p1p5/P2p4/3P4/1PK2N1p/4P3/5r2/4B3 b - - 12 57,f2f4 e3f4 h4h3 e1g3,1219,76,92,531.0,crushing defensiveMove endgame hangingPiece short,https://lichess.org/bX3dAdx9/black#114,
00IF7,b3k2r/4bpp1/2q1p2p/1p1nP3/1Pp1N3/2P5/2B2PPP/2BQR1K1 w k - 0 19,c1e3 d5c3 d1g4 c3e4,1636,80,66,36.0,crushing middlegame short,https://lichess.org/7PRHzjIO#37,Sicilian_Defense Sicilian_Defense_Old_Sicilian
00IFk,r1b4r/ppk2ppp/2p5/3n2B1/2P5/6P1/P1P1B2P/2KR3R b - - 0 16,d5c3 g5f4 c7b6 c4c5 b6c5 f4e3,2109,75,86,120.0,attraction crushing long middlegame,https://lichess.org/aDBJY27j/black#32,Philidor_Defense Philidor_Defense_Lion_Variation
00IHi,8/4R3/1k6/8/p7/1p1N2P1/5KP1/r7 w - - 0 55,e7e1 a1e1 f2e1 a4a3 e1d2 a3a2 d2c3 a2a1q,1823,75,95,1993.0,advancedPawn crushing endgame promotion veryLong,https://lichess.org/DiBepPdz#109,
00IPp,4Q3/6pk/p3p2p/5p2/1p1P2P1/4q2P/2B1n2B/7K w - - 0 35,g4f5 e3f3,1590,89,87,1989.0,endgame mate mateIn1 oneMove,https://lichess.org/JKNcTJw1#69,
00ISm,5r2/4bp1k/2ppq1p1/4p1Q1/4N2P/3P4/1P1R1P2/4K1R1 b - - 0 29,e7g5 e4g5 h7h6 g5e6,907,88,84,84.0,crushing endgame fork short,https://lichess.org/Nx7iGvHH/black#58,
00ITc,3r1rk1/3b1pp1/7p/8/N2Qp1n1/1P6/PB1q1PP1/R5K1 b - - 1 25,d7a4 d4g7,922,80,88,119.0,mate mateIn1 middlegame oneMove,https://lichess.org/tGroDLV4/black#50,
00IUT,1r2r1k1/ppp1q1pp/4b3/4P3/1Q1p1P2/8/P5PP/R1BR2K1 w - - 6 19,d1d4 c7c5 b4a3 c5d4 a3e7 e8e7,1508,74,95,22820.0,crushing fork long middlegame,https://lichess.org/93xXeKdX#37,Italian_Game Italian_Game_Classical_Variation
00IYH,rnbq1rk1/ppp2pp1/3p1n1p/2b1p2N/2B1P3/3P4/PPP2PPP/RNBQ1RK1 b - - 2 7,c8g4 h5f6 d8f6 d1g4,1005,83,93,2271.0,advantage kingsideAttack opening short,https://lichess.org/D9n0j4f5/black#14,Kings_Pawn_Game Kings_Pawn_Game_Alapin_Opening
00IaZ,4R3/1k2R3/3K2p1/1P6/1P6/2rp3r/8/8 b - - 3 45,b7b6 e8b8,925,83,83,426.0,endgame master mate mateIn1 oneMove rookEndgame,https://lichess.org/MA0bo8dV/black#90,
00IiM,r5k1/pp4p1/1n6/3pB3/3P2pb/2NQ1r2/PP6/2K3R1 w - - 2 24,d3f3 g4f3 g1g7 g8f8,1739,75,92,2614.0,advantage middlegame short,https://lichess.org/qzEITbaG#47,
00In2,8/b2r1p1k/5Qp1/1p5p/4p3/1P1q3P/5PP1/2B2RK1 b - - 13 38,d3b3 c1b2 b3b2 f6b2,1673,74,94,9692.0,advantage endgame quietMove short,https://lichess.org/Ut09PlkM/black#76,
00IpT,r1bk3r/ppp1n2p/3pNQ2/8/2BpP2p/8/PPPq2PP/R5K1 b - - 2 21,d8d7 f6h8 d7c6 h8e8,2084,134,79,14.0,crushing hangingPiece middlegame short,https://lichess.org/pxYUaQJx/black#42,
00Ivf,8/2p4r/1p3k2/p2Pp1p1/P1P1RpP1/1P3P1r/4R1K1/8 w - - 7 46,e4e5 h3h2 g2f1 h2h1 f1f2 h7h2,1632,74,89,184.0,endgame long mate mateIn3 rookEndgame,https://lichess.org/VX0fLjAC#91,
00J1Y,1q3r2/p5k1/1p2pbpp/2p2p2/2P1N3/2P2PQP/PP3P2/6RK b - - 2 29,f5e4 g3g6 g7h8 g6h6,1188,77,93,757.0,deflection endgame mate mateIn2 short,https://lichess.org/8onUzszE/black#58,
00J1t,r1qr3k/pp3pB1/1np1pb2/8/3P3P/2N2PR1/PP1Q2P1/2KR4 b - - 0 22,f6g7 d2g5 d8g8 g5h5 g7h6 h5h6,1725,73,97,11057.0,exposedKing kingsideAttack long mate mateIn3 middlegame,https://lichess.org/77hjhVfM/black#44,
00J5r,r4rk1/1p4p1/p1p1n1Pp/q3p3/4P3/2N1QP2/PPP5/2KR3R w - - 0 21,h1h6 g7h6 e3h6 a5c7,2111,75,85,98.0,crushing defensiveMove middlegame short,https://lichess.org/1DzEGAx8#41,
00J7i,3r2k1/pQ3ppp/4R1n1/2q5/2P5/2B3P1/P4PBP/6K1 b - - 0 24,f7e6 b7g7,1002,100,69,44.0,endgame master masterVsMaster mate mateIn1 oneMove,https://lichess.org/nBfwpOrE/black#48,
00JFF,4r1k1/ppqb3p/6B1/3pb2Q/8/2P5/PP1B2PP/5RK1 b - - 0 20,h7g6 h5g6 e5g7 f1f7 c7c5 g1h1 c5f8 f7f8,2058,111,88,36.0,crushing middlegame pin veryLong,https://lichess.org/e986oDw6/black#40,
00JO7,5rk1/ppq3pR/4p1r1/3p4/8/2P4Q/PP3RPP/6K1 b - - 0 22,c7c5 h7h8,989,77,89,74.0,endgame mate mateIn1 oneMove,https://lichess.org/Vd3DWn3Y/black#44,
00JQS,5r1k/pb3Qpp/2p5/5p2/3P4/8/PPP2PPP/4R1K1 b - - 0 21,f8f7 e1e8 f7f8 e8f8,580,93,76,625.0,backRankMate endgame mate mateIn2 short,https://lichess.org/jB9KjawU/black#42,
00JS1,2r5/1p2k1pp/4p3/1N3p2/5P2/P2nP3/1R4PP/6K1 w - - 0 24,b2d2 c8c1 d2d1 c1d1,583,102,77,678.0,endgame mate mateIn2 short,https://lichess.org/ROJJOhHY#47,
00JYV,r2q1rk1/p1p1bppp/2pp1nb1/4p3/4P1PN/2NP3P/PPP2PK1/R1BQ1R2 b - - 4 11,f6e4 h4g6 e4c3 g6e7 d8e7 b2c3,1695,75,96,12366.0,advantage kingsideAttack long opening,https://lichess.org/rJrzfvfs/black#22,Ruy_Lopez Ruy_Lopez_Steinitz_Defense
00JZk,7k/1q5p/3Q2p1/8/P3p3/1p2B2P/1br3P1/R5K1 b - - 0 32,b7f7 a1f1 f7f1 g1f1,2203,75,92,1860.0,crushing endgame short,https://lichess.org/YuyVHFxe/black#64,
00JaW,8/r7/Pk5p/3R2p1/4p1P1/4P3/3K4/8 b - - 0 48,a7a6 d5d6 b6a5 d6a6 a5a6 d2c3 a6b7 c3d4,1082,79,88,198.0,crushing endgame exposedKing rookEndgame veryLong,https://lichess.org/K2MPI0zt/black#96,
00JtR,1rbk3r/3qp1b1/p3p1Bp/1N1P2p1/8/P5P1/1P2Q1P1/R3K2R w KQ - 2 23,d5e6 d7b5 e2d2 d8c7 a1c1 c7b7 g6e4 b7a7,2184,75,93,2209.0,crushing defensiveMove middlegame veryLong,https://lichess.org/eQy3tkuB#45,
00JzT,8/7p/6pK/5p2/4p3/1k4P1/5P1P/8 w - - 2 44,h6h7 g6g5 g3g4 f5f4,1646,77,79,76.0,crushing defensiveMove endgame pawnEndgame quietMove short,https://lichess.org/Zk86Dja7#87,
00K0G,8/8/8/2Pk4/pK4p1/3N4/5P2/3b4 b - - 7 59,d1e2 d3f4 d5c6 f4e2,778,86,80,83.0,crushing endgame fork master short,https://lichess.org/xIDctz9w/black#118,
00K48,6Qk/6pp/p2B4/2pP4/P1q5/6P1/2P1p2P/5RK1 b - - 0 26,h8g8 f1f8,432,91,100,165.0,endgame mate mateIn1 oneMove,https://lichess.org/vGu9FCAH/black#52,
00K8j,r2q2kr/p4pp1/4b2p/n1Qn4/5B2/4P3/PP3PPP/2KR1BNR w - - 1 14,f4c7 d8c7 c5c7 d5c7,1440,74,87,203.0,advantage opening short,https://lichess.org/AiNXhpcc#27,Queens_Gambit_Declined Queens_Gambit_Declined_Queens_Knight_Variation
00KMV,1r3k2/1p1q1p2/p2p1np1/2pP2bp/2P1P1n1/1PQ3P1/P3N1K1/3N1R1R b - - 11 28,f6e4 c3h8 f8e7 h8b8,1017,84,93,2605.0,crushing middlegame short skewer,https://lichess.org/zMA7YEmv/black#56,
00KNB,2rr2k1/5p2/4p2p/4N1pQ/1p3P2/4P3/np3P1P/2q2BRK b - - 1 32,c8c7 h5h6 b2b1q h6g5,2460,95,89,441.0,crushing kingsideAttack master middlegame pin short,https://lichess.org/Ri0duT8T/black#64,
00KO5,2r2rk1/3p1ppp/p3p3/1p2q3/6P1/3Q4/PP5P/1K2RR2 b - - 0 22,e5h2 f1h1 h2c2 d3c2 c8c2 b1c2,1360,74,87,130.0,advantage endgame long,https://lichess.org/jUnUTglG/black#44,
00KOz,8/r4k2/7R/5PK1/1n6/8/8/8 b - - 3 56,b4d5 h6h7 f7f8 h7a7,951,84,95,1047.0,crushing endgame master short skewer,https://lichess.org/QVprMNzR/black#112,
00KSB,r7/4kpRp/2p2p1P/p1P1n3/Pp6/1B6/5PP1/6K1 b - - 2 35,a8h8 f2f4 e5d7 g7f7,1347,76,94,6932.0,crushing endgame short,https://lichess.org/GqvPZnmI/black#70,
00KUa,r1bk1bnr/pppp1Bpp/8/3Nq3/3nP3/3P4/PPP2PPP/R1BQK2R b KQ - 0 8,g8f6 c1f4 e5f4 d5f4,1555,161,-100,11.0,crushing opening short trappedPiece,https://lichess.org/QBzgVaj1/black#16,Italian_Game Italian_Game_Blackburne-Kostic_Gambit
00KVF,4r1k1/p4ppp/bqp2n2/2Qp4/3P4/8/PP3PPP/RNB1N1K1 w - - 1 16,c5c3 b6b5 e1d3 b5d3,2309,82,82,69.0,crushing middlegame short,https://lichess.org/KXFidiSb#31,Sicilian_Defense Sicilian_Defense_Old_Sicilian
00KVO,4r3/p1R3p1/4r2p/3k1n2/3p4/P5B1/1P4PP/4R1K1 w - - 2 28,c7a7 e6e1 g3e1 e8e1,837,93,75,50.0,crushing endgame short,https://lichess.org/4wKfUa8h#55,
00KVb,2k2r2/pp5p/3p4/3Nb1p1/8/1P1P3P/P1Pn4/1K1R1R2 w - - 3 28,d1d2 f8f1 d2d1 f1d1,577,96,71,153.0,endgame hangingPiece mate mateIn2 short,https://lichess.org/tzIW1ZLM#55,
00KYC,5rk1/p6p/2r1pBp1/4P3/2b5/3p4/P4PPP/1R2R1K1 w - - 0 27,b1b7 f8f6 e5f6 d3d2 e1d1 c4e2,2268,82,83,49.0,advancedPawn clearance crushing endgame long master sacrifice,https://lichess.org/wxhreSsZ#53,
00KYE,r1b2k1r/pp4p1/2pq2p1/3p4/3p4/1N6/PPP2PPP/R2Q1RK1 w - - 0 17,d1d4 d6h2,920,102,86,183.0,kingsideAttack mate mateIn1 middlegame oneMove,https://lichess.org/IOpSkMQi#33,Italian_Game Italian_Game_Scotch_Gambit
00Kbj,8/8/6p1/PR3p2/1P3k2/7P/r5P1/7K w - - 1 39,h3h4 f4g3 b5d5 a2a1 d5d1 a1d1,1428,73,93,15730.0,endgame long mate mateIn3 rookEndgame,https://lichess.org/PW8a1JvE#77,
00Kd8,3R4/3P4/8/5p2/5kPp/8/3r1KP1/8 w - - 1 64,f2g1 f4g3 g1f1 f5g4,2139,75,79,266.0,advantage endgame rookEndgame short,https://lichess.org/loJK0sJF#127,
00Keu,R7/1p3kp1/2pK3p/3p1PP1/1r1B2nP/8/1P6/8 b - - 2 39,b4d4 g5g6 f7f6 a8f8,882,91,94,1377.0,endgame mate mateIn2 short,https://lichess.org/hCWa2OUn/black#78,
00KgR,5r1k/1pq3p1/2p2P1p/3pPQ2/1p1P4/7P/1rB4K/5R2 b - - 1 35,f8f6 f5h7,850,77,100,130.0,endgame mate mateIn1 oneMove,https://lichess.org/8f0kmTFT/black#70,
00KhM,5rk1/5ppp/1R6/3Qp3/2B1P3/2q3P1/3R1PKP/1r6 b - - 0 27,b1b6 d5f7 f8f7 d2d8,1355,94,78,37.0,clearance endgame mate mateIn2 pin sacrifice short,https://lichess.org/o5Jg9MLX/black#54,
00Knu,r2q1rk1/p3bpp1/2pp1nb1/4p1Q1/8/1B3N1P/PPP3P1/R1B2RK1 b - - 0 18,f6e4 g5g6 d8b6 g1h2,1853,76,81,87.0,advantage defensiveMove opening pin short,https://lichess.org/ICZqsNVs/black#36,Czech_Defense Czech_Defense_Other_variations
00Kq4,r2qk3/5p1r/p1p1p3/1p1pP1p1/P1nP2Pn/2P2NB1/2P2P2/R1QR2K1 w q - 1 21,f3g5 d8g5 c1g5 h4f3 g1g2 f3g5,1367,75,81,542.0,advantage attraction fork long middlegame sacrifice,https://lichess.org/o4K7aQsT#41,
00L1Y,3rkb1r/pp2pbpp/2p5/q7/3Q1B2/2P3P1/PP2PP1P/RN2K2R w KQk - 0 15,d4b4 a5d5 e1g1 e7e5 b4b7 e5f4,1809,82,79,45.0,advantage long middlegame,https://lichess.org/Qy94UAge#29,Queens_Pawn_Game Queens_Pawn_Game_Chigorin_Variation
00L4x,1r4k1/4Ppbp/p5p1/2q5/p2n4/P2Q2B1/r2N1PPP/3KR2R b - - 0 27,g7h6 e7e8q b8e8 e1e8,1262,75,91,2676.0,advancedPawn crushing kingsideAttack middlegame promotion short,https://lichess.org/kQUg1Hn3/black#54,
00L84,6k1/5pp1/7p/2p5/2P5/2rp2PP/PR3P2/5K2 w - - 0 37,b2b3 c3c1 f1g2 d3d2,1089,89,93,622.0,advancedPawn crushing endgame rookEndgame short,https://lichess.org/ZX4yckwu#73,
00LBF,3r2k1/1b2qpb1/pp4p1/3rp3/3R2P1/2P2NBP/PP2Q2K/3R4 b - - 0 33,e7d7 d4d5 b7d5 c3c4,2188,79,82,59.0,advantage master middlegame short,https://lichess.org/HG0KKbWc/black#66,
00LG5,6k1/5r1p/4b1pQ/5q2/3B3P/2P5/6P1/4R1K1 w - - 7 36,e1e2 f5f1 g1h2 f1e2,1115,76,71,154.0,advantage endgame fork short,https://lichess.org/H1PJMeLA#71,
00LH7,6k1/6Bp/6pP/3q1p2/p2PnQ2/2r5/P5PK/4R3 b - - 1 39,d5d6 e1e4 d6f4 e4f4,1503,76,94,5457.0,crushing endgame short,https://lichess.org/7mA63Gfs/black#78,
00LI0,r2qk2r/pp1n1ppp/4pn2/3p2B1/1b1P4/2N1QN1P/PPb1BPP1/R4RK1 w kq - 0 12,c3d5 f6d5 g5d8 d5e3,1360,80,74,61.0,crushing hangingPiece middlegame short,https://lichess.org/sUoFIFQT#23,Caro-Kann_Defense Caro-Kann_Defense_Exchange_Variation
00LII,2k4r/pp6/3p4/2pBb3/4P2B/2P2bp1/PP1R4/R5K1 w - - 1 32,d2g2 h8h4 a1f1 f3g2,1618,78,86,60.0,advantage hangingPiece middlegame short,https://lichess.org/0PFmmeVw#63,
00LMb,8/8/1n4kP/1P3p2/3P1K2/2p1N3/8/8 w - - 4 49,f4e5 b6c4 e3c4 c3c2,1770,82,79,50.0,advancedPawn crushing endgame knightEndgame sacrifice short,https://lichess.org/8fplizkC#97,
00LNB,kr6/1pR4p/p4R2/n2r4/P3p3/4B3/6PP/6K1 b - - 0 38,d5d3 f6a6 b7a6 c7a7,1051,76,97,2155.0,endgame mate mateIn2 sacrifice short,https://lichess.org/MQYDGoEM/black#76,
00LO6,2r3k1/3q1pp1/1rp5/2Rn2Np/1p1N3n/1Q2P3/5PP1/2R3K1 w - - 0 33,c5d5 c6d5 c1c8 d7c8,1629,75,89,74.0,advantage middlegame short,https://lichess.org/X0I5NJuv#65,
00LOy,5k2/1p3pp1/p3pb2/r7/2P2B2/1P6/1PR1K1PP/8 b - - 0 33,f6e5 b3b4 a5a1 f4e5,1544,74,94,12266.0,crushing endgame short,https://lichess.org/dq3UiVvj/black#66,
00LRq,1k6/1p1q4/P2p3p/1NpPpn1Q/5b2/2P3r1/1P2B1P1/R6K b - - 3 28,g3g7 a6a7 b8a8 b5c7 d7c7 h5e8 c7b8 a7b8q,2139,77,91,1492.0,advancedPawn doubleCheck mate mateIn4 middlegame promotion queensideAttack sacrifice veryLong,https://lichess.org/i9yxFCW9/black#56,
00LRv,5r1k/7p/p2pB3/3Pb1p1/4p2q/1P2B3/P1Q2P2/2R3K1 w - - 0 31,f2f4 h4g3 g1h1 g3f3 c2g2 f3e3,2420,91,70,66.0,crushing exposedKing fork long middlegame,https://lichess.org/AebpnUup#61,
00LSv,3r3k/1p4pp/2p3q1/8/3Q4/8/PP4rP/R4R1K b - - 1 28,g2g1 d4g1 g6e4 g1g2,1848,75,91,645.0,advantage endgame short,https://lichess.org/EfV2OOTd/black#56,
00LXD,8/p7/1p2k1pp/5p2/3P1P2/4K3/PP5P/8 w - - 2 37,a2a4 g6g5 f4g5 h6g5,2357,82,26,49.0,advantage endgame pawnEndgame short,https://lichess.org/aSmBXG8T#73,
00LZf,r1b1kb1r/pppp1ppp/2n1p3/3nN3/3P2q1/4B3/PPP1BPPP/RN1Q1RK1 b kq - 9 8,d5e3 f2e3 g4g5 e5f7 g5e3 g1h1,2184,90,25,33.0,advantage attackingF2F7 fork long opening,https://lichess.org/sVgQxr8Q/black#16,French_Defense French_Defense_Normal_Variation
00LZl,r2qkb1r/ppp2ppp/2n5/3pPb2/3n1B2/2NB1N2/PP3PPP/R2QK2R b KQkq - 3 9,f8b4 f3d4 c6d4 d1a4 d4c6 d3f5,2329,77,93,5511.0,advantage deflection fork long opening,https://lichess.org/jBb2kj01/black#18,Kings_Pawn_Game Kings_Pawn_Game_Macleod_Attack
00LdT,r5k1/pbp2ppp/6q1/2pp4/3B3r/2P1R1P1/PP2QP1P/R5K1 b - - 1 20,c5d4 e3e8 a8e8 e2e8,587,91,80,156.0,kingsideAttack mate mateIn2 middlegame short,https://lichess.org/MH7zaBHa/black#40,
00Lhb,2n4k/p3b2p/Pp6/1PpPp3/2B1PpP1/1P6/5BK1/8 b - - 0 33,c8d6 f2c5 b6c5 b5b6 a7b6 a6a7,1755,86,89,40.0,advancedPawn advantage endgame long sacrifice,https://lichess.org/PN1IyrE7/black#66,
00Lo9,5k2/8/4p3/3p2p1/p1pQ2P1/P1P2q2/1PB5/7K w - - 0 42,h1h2 f3e2 h2g3 e2c2,1414,237,100,9.0,endgame equality fork short,https://lichess.org/oAKhM88Y#83,
00LoE,2k5/1p4p1/p4b2/3p4/3P4/2PQN3/PP3q2/1K6 w - - 0 37,e3d5 f2g1 b1c2 g1g2,1853,74,46,118.0,crushing endgame short,https://lichess.org/bDt5hp3w#73,
00Lyc,4R3/1p4k1/1q1N1bpp/3B4/5p1P/p4P2/3RK1P1/8 w - - 4 42,d6e4 b6b5 d2d3 b5e8,1946,75,78,126.0,crushing endgame fork short,https://lichess.org/YB9ozD4y#83,
00M1q,2r3k1/2r1q1p1/p3p1Q1/1p1p4/nP1P4/2P4R/P4PPP/2R3K1 b - - 0 30,e7f6 g6h7 g8f7 h3f3 f6f3 g2f3,1269,74,91,3031.0,advantage long middlegame pin,https://lichess.org/nsAQV9mj/black#60,
00M6i,6k1/1N4pp/p7/4bp2/P1P5/1r6/6PP/2R3K1 w - - 1 33,b7c5 e5d4 g1f1 d4c5,1150,120,43,16.0,crushing endgame fork short,https://lichess.org/kUhFtcHh#65,
00M7w,r1b1k2r/ppp2ppp/2n5/2bBp3/2Pq4/3P1QP1/P2B1P1P/1R2K1NR b Kkq - 2 12,f7f6 g1e2 d4f2 f3f2 c5f2 e1f2,2252,78,91,1792.0,crushing long opening,https://lichess.org/rhyiYyX3/black#24,Scandinavian_Defense Scandinavian_Defense_Main_Line
00MBF,7k/np2b1pp/p1b2p2/2P1pq2/PPQ4P/5PP1/1B5K/3BN3 b - - 0 29,c6d7 d1b3 f5h3 h2g1 d7e6 c4e6 h3e6 b3e6,2024,76,83,84.0,advantage middlegame quietMove veryLong,https://lichess.org/qknEpIjx/black#58,
00ME0,8/1p6/p1b5/5k1p/1PB1p2P/P3P1K1/8/8 b - - 2 35,f5e5 c4f7 c6d7 f7h5,1555,74,94,2966.0,bishopEndgame crushing endgame short,https://lichess.org/Z2H5mRQg/black#70,
00MFe,3r3k/p5pp/2r2q2/2p4Q/8/8/P5PP/3R1R1K b - - 5 29,d8d1 h5e8 f6f8 e8f8,1296,77,93,2040.0,endgame mate mateIn2 short,https://lichess.org/d1J7UJ4D/black#58,
00MGA,r3r1k1/6b1/p2Nn2p/1P1Qp3/6nq/2P5/1PB2PP1/R1B1R1K1 w - - 1 30,g2g3 h4h2 g1f1 h2f2,920,91,91,880.0,kingsideAttack mate mateIn2 middlegame short,https://lichess.org/dsGjft94#59,
00MHi,8/8/5pp1/5k1p/5P1P/4R1P1/2r5/5K2 w - - 0 43,e3e2 c2e2 f1e2 f5g4 e2f2 g4h3,2230,80,73,214.0,crushing endgame long rookEndgame zugzwang,https://lichess.org/im48PGD7#85,
00MIY,6k1/3R3p/1p5q/3P4/3QP1pN/6P1/PPr3B1/5rK1 w - - 0 25,g1f1 h6c1 d4d1 c1d1,1516,85,80,44.0,endgame mate mateIn2 short,https://lichess.org/SHHHsXB9#49,
00MNf,r1b3k1/pp3Rpp/3p4/2pN4/2P4b/5Q1P/PPP3P1/4qNK1 b - - 0 21,h4f6 f7f6 g7f6 f3f6,2017,148,50,15.0,crushing middlegame short,https://lichess.org/S4llTtjA/black#42,
00MS3,rn1qr1k1/1p2bppp/2p2B2/p2p4/3P4/2N2N2/PPP1QPPP/2KRR3 b - - 0 12,e7f6 e2e8 d8e8 e1e8,824,83,83,122.0,backRankMate mate mateIn2 middlegame short,https://lichess.org/Eia6KIcR/black#24,French_Defense French_Defense_Exchange_Variation
00MTG,4r1k1/2p1qpp1/3p4/1p1P2PQ/1P5b/3R3P/2PBr3/5RK1 b - - 6 26,h4f2 f1f2 e2f2 g1f2,617,81,93,220.0,advantage middlegame short,https://lichess.org/iabpAKVz/black#52,
00MWz,8/8/2B5/4pK2/3k1pPp/5n1P/8/8 b - - 3 57,f3g1 g4g5 g1e2 g5g6,792,77,97,2190.0,crushing endgame quietMove short,https://lichess.org/1sHbVvW6/black#114,
00MYL,1R6/3k1Q2/p2b1p2/2r1p3/3n4/P6P/5PP1/4qBK1 b - - 1 40,d7c6 f7b7,1084,83,93,538.0,mate mateIn1 middlegame oneMove,https://lichess.org/fwb6IEPk/black#80,
00MZr,1k5r/ppp5/2p5/3n4/5pQ1/3P1P1r/PPP2K2/5R2 w - - 2 26,f1g1 h3h2 g1g2 d5e3,2008,75,91,1327.0,crushing endgame short,https://lichess.org/LITlSDhw#51,
00Mbv,2k2b1r/pp3ppp/1n6/BN2p1P1/2Q1Nn1P/8/PP3P2/2KR4 b - - 0 24,b6c4 d1d8,1448,75,98,458.0,mate mateIn1 middlegame oneMove,https://lichess.org/h1QfViUk/black#48,
00Mca,1k6/1Pp1rqp1/p1R5/6pp/Q6P/1P6/P4PBK/3r4 b - - 5 34,e7e6 a4c4 e6c6 c4f7,2418,77,91,4220.0,crushing endgame short,https://lichess.org/FcSCJACK/black#68,
00MeO,r1b1kb1r/1p2np2/p1p4p/4PPp1/3PN3/8/PPP3PP/R1B2RK1 b kq - 0 15,c8f5 e4d6 e8d7 d6f5,1450,75,97,8658.0,advantage middlegame short,https://lichess.org/VgF6tpXG/black#30,French_Defense French_Defense_Normal_Variation
00Mei,8/6rk/6p1/1R3b1p/2pQ1P2/2P3P1/qP4PK/8 b - - 0 36,f5d3 d4d8 a2a7 b5b8 a7b8 d8b8,2577,78,82,193.0,advantage endgame long master quietMove,https://lichess.org/xvCSyLc3/black#72,
00Mf0,2kr3r/pp1b1pq1/2n1p3/2Pp4/5Np1/1QP3P1/P4PBP/R4RK1 b - - 4 19,g7h6 f1b1 h6h2 g1f1 c6a5 b3b4,2414,87,89,446.0,advantage long middlegame quietMove,https://lichess.org/rkMC42R8/black#38,
00Msq,r5k1/1pp2Bp1/5n1p/1q2N3/3P4/7P/5PP1/4Q1K1 b - - 2 30,g8f8 f7c4 b5c4 e5c4,1799,74,92,648.0,crushing endgame short,https://lichess.org/2cdEjZvR/black#60,
00MyT,r3q3/1ppknr2/p5pB/2pPn3/4P3/8/PPQ3BP/2K2R1R w - - 0 22,c2c5 e5d3 c1c2 d3c5,909,89,73,42.0,crushing fork middlegame short,https://lichess.org/IhPV4vCX#43,
00N3B,r2q1rk1/1bb2ppp/p1n1p3/4P3/Np1P4/1B2NP2/1P4PP/2RQ1RK1 b - - 0 20,d8d4 d1d4 c6d4 c1c7 d4b3 c7b7,1256,75,99,2329.0,crushing long middlegame,https://lichess.org/knYvxXRq/black#40,
00NAM,r5k1/pp3ppp/8/3p4/3P4/4R2P/q1P1QPPK/8 b - - 1 21,a2c4 e3e8 a8e8 e2e8,592,81,100,127.0,endgame mate mateIn2 short,https://lichess.org/be70QtoL/black#42,
00NBR,8/1p2np2/1Pp1k3/p1P3p1/P2K3p/7P/4BPP1/8 b - - 1 33,e7d5 e2c4 e6d7 c4d5,2019,84,84,39.0,crushing endgame short,https://lichess.org/CYEsHleN/black#66,
00NGM,3k1rr1/pR1b3Q/2pqp3/8/N2P4/8/5PB1/R4K2 w - - 5 34,b7a7 f8f2 f1e1 d6b4 a4c3 b4c3 e1f2 c3d4 f2f1 g8f8,2237,238,67,5.0,crushing middlegame veryLong,https://lichess.org/Z5cYm9YQ#67,
00NOI,3r4/2k2p1p/pp2pp2/2p5/3nN3/6P1/PPP2PRP/2K5 w - - 2 23,e4f6 d4e2 c1b1 d8d1,966,89,60,34.0,backRankMate endgame mate mateIn2 short,https://lichess.org/Z7mmtXNG#45,
00NUS,4rk2/pbp2pp1/1p1b4/3P1q2/QPBPN3/1KP2P2/P5r1/R3R3 w - - 0 25,e4d6 f5c2 b3a3 c2b2,1394,75,96,2327.0,mate mateIn2 middlegame short,https://lichess.org/jQaVQrR6#49,
00NUc,6k1/6pp/1PP5/4b3/3p4/Br5P/4prP1/R5RK w - - 1 30,c6c7 b3h3 g2h3 f2h2,1650,122,81,50.0,endgame mate mateIn2 sacrifice short,https://lichess.org/8FRZVN6d#59,
00NVe,2B4k/p1p3pb/8/5pnr/8/2P2R2/PPP2K2/6R1 w - - 6 34,c8f5 g5f3 f5g4 f3g1,1784,87,80,30.0,advantage endgame short,https://lichess.org/7yU1Aehr#67,
00NaX,4r1k1/1p2r3/p1p5/3p1p2/PP1P1q1p/2Q1P1pP/5PP1/4R1K1 w - - 0 39,e3f4 e7e1 c3e1 e8e1,400,89,100,210.0,endgame kingsideAttack mate mateIn2 queenRookEndgame short,https://lichess.org/rZL4HlNU#77,
00Nay,r2q1r2/ppp2pk1/3p1n2/4p1p1/2B1P3/2NP2Q1/PPP5/2K4R b - - 0 19,g7g6 g3h3 f8h8 h3f5 g6g7 f5g5,1896,74,96,4200.0,crushing deflection long middlegame quietMove,https://lichess.org/wMvkJfcA/black#38,
00Nej,6k1/1p3pp1/pB2qb1p/2P5/1P6/6QP/4r1P1/3R3K b - - 4 33,f6e5 d1d8 g8h7 g3d3 e6g6 d3e2,1115,79,91,3071.0,crushing endgame fork long,https://lichess.org/P5XLEtLV/black#66,
00Nf5,r1bq1rk1/pp2bppp/2pp1n2/8/5P2/5N2/PBPPB1PP/RN1Q1RK1 w - - 5 11,b1c3 d8b6 g1h1 b6b2 a1b1 b2a3,1599,74,94,8369.0,advantage fork long opening,https://lichess.org/JkE5qS7u#21,Polish_Opening Polish_Opening_Other_variations
00Nhl,5r1r/pR5p/k1ppb1n1/4p1Q1/N3P3/1P1P4/P1P3PP/6K1 w - - 1 23,b7h7 g6f4 g5f4 e5f4 h7h8 f8h8,2299,77,94,1297.0,advantage long middlegame,https://lichess.org/BEOTFmYh#45,
00Ns0,r2qr1k1/pn1p2pp/bp3p2/2p1N3/2P5/1PB3Q1/P1P3PP/R4RK1 w - - 0 18,f1f6 d8f6 a1f1 f6h6 e5g4 h6g6 c3g7 e8e4 g4f6 g8g7,2596,103,77,53.0,advantage hangingPiece intermezzo middlegame veryLong,https://lichess.org/ZyKw24YE#35,Bishops_Opening Bishops_Opening_Vienna_Hybrid
00Nua,8/1p1k2r1/p1p5/2P1R3/1P1pP3/P2r4/5RPK/8 w - - 1 31,a3a4 g7h7 h2g1 d3d1 f2f1 h7h1 g1h1 d1f1,1864,84,74,47.0,endgame,https://lichess.org/9qW9sLHW#61,
00O14,6k1/3P1pp1/4p3/p7/Q3R3/3q1PP1/1P3PK1/2r5 w - - 0 37,a4d4 d3f1 g2h2 f1h1,996,77,72,194.0,endgame mate mateIn2 short,https://lichess.org/IynnE0r9#73,
00O2z,r6r/2pk1ppp/p1np4/1pbBpN1q/4P1b1/5N2/PPPP1PRK/R1BQ4 w - - 12 18,h2g3 h5h3,842,122,85,27.0,mate mateIn1 middlegame oneMove,https://lichess.org/1pRUZ0aS#35,Ruy_Lopez Ruy_Lopez_Morphy_Defense
00O37,r1q1r1k1/1p3pp1/n1p4p/p1bpp2P/P3P3/2P2P2/1P1QBP2/R1BK3R b - - 3 23,c5f2 e2a6 b7a6 d2f2,1300,79,86,60.0,advantage discoveredAttack middlegame short,https://lichess.org/N2UAIb27/black#46,
00O3h,5k2/R3Rp2/6p1/1p5p/1P5K/2nr4/7P/8 b - - 7 43,d3d4 h4g5 c3e4 g5h6,1187,75,93,2147.0,crushing defensiveMove endgame short,https://lichess.org/71bhLvdU/black#86,
00O8m,r3r1k1/ppp2ppp/2nn1q2/8/3P4/P1P1P1P1/2Q3BP/R1B1KR2 b Q - 4 16,f6e6 d4d5 e6e5 d5c6,1388,76,86,1407.0,crushing fork middlegame short,https://lichess.org/G3Q51olU/black#32,Englund_Gambit_Declined Englund_Gambit_Declined_Reversed_French
00O9Z,5QR1/5p1p/1b3qp1/p6k/P2P4/8/1P2rPPP/5RK1 w - - 7 32,g8h8 f6f2 f1f2 e2e1 f2f1 b6d4 g1h1 e1f1,1679,78,85,858.0,backRankMate deflection endgame fork master mate mateIn4 pin sacrifice veryLong,https://lichess.org/DKnGKRmQ#63,
00O9a,1k3r2/q5r1/2Qp3p/N2Bp3/4P1p1/P7/1PP2PPP/R5K1 w - - 12 35,a5c4 a7f2 g1h1 f2f1 a1f1 f8f1,989,88,91,721.0,backRankMate long mate mateIn3 middlegame sacrifice,https://lichess.org/t6wbqTty#69,
00OCQ,1rr3k1/5p1p/p5pQ/4p3/4q3/B3P3/PPPR1PPP/2KR4 w - - 6 27,c2c3 c8c3 b2c3 b8b1,916,76,99,587.0,mate mateIn2 middlegame queensideAttack sacrifice short,https://lichess.org/kcUnWeDs#53,
00OKo,r3r1k1/pbq5/1p2pp1p/2p1N3/2PP2Q1/1P1B4/P5PP/R5K1 b - - 1 24,g8f8 a1f1 c7g7 f1f6 g7f6 e5d7,2359,79,78,73.0,advantage exposedKing long middlegame pin sacrifice,https://lichess.org/WuHXkAoT/black#48,
00OOp,5rk1/1bR3q1/pQ6/8/6r1/4R2P/P7/6K1 w - - 0 28,h3g4 g7g4 e3g3 g4g3,1053,91,86,82.0,endgame mate mateIn2 short,https://lichess.org/N1WcEYJH#55,
00OPi,5k2/5p1p/1p1P2p1/1B6/5P2/1P3KP1/n6P/8 w - - 0 38,f3e4 a2c3 e4d4 c3b5,853,81,100,76.0,advantage endgame fork short,https://lichess.org/4K29qsm1#75,
00OPk,6rk/7p/R2N3P/1r6/1P5K/P7/8/8 b - - 4 50,b5d5 d6f7,776,98,93,886.0,endgame mate mateIn1 oneMove,https://lichess.org/aDJVIeGE/black#100,
00OQt,8/8/8/p3b3/P1B2pKp/1Pk1p2P/6P1/8 w - - 8 50,g4h4 c3d2 h4g4 e3e2 c4e2 d2e2,1682,75,88,356.0,advancedPawn bishopEndgame crushing endgame long,https://lichess.org/vZaFj9IE#99,
00OR6,2r4k/5Q1p/p7/1pq5/4p2N/2P3bP/PP4P1/4R2K b - - 0 34,g3e1 f7f6 h8g8 h4f5 c5f5 f6f5,2265,79,82,114.0,advantage endgame long quietMove,https://lichess.org/kMLJ7GPV/black#68,
00OXc,8/5K1p/1p4pk/8/3brp2/5R2/8/8 b - - 5 50,g6g5 f3h3,680,85,96,826.0,endgame mate mateIn1 oneMove,https://lichess.org/Dp1LJyaZ/black#100,
00Ocp,r3k3/p1pbq3/2p2p2/4p1p1/2B3p1/2P4r/P1P2PQP/3RR1K1 b q - 3 20,e7c5 g2e4 f6f5 e4e5 c5e5 e1e5,2098,145,73,17.0,crushing exposedKing long middlegame,https://lichess.org/fCyysDNm/black#40,
00Oft,3r4/p1pk1p1p/2pp1qr1/2b5/Q3P1b1/5NB1/P2N1PPP/R4RK1 w - - 2 16,g3h4 g4f3 d2f3 f6f3,1427,201,100,28.0,equality middlegame pin short,https://lichess.org/SpSdvvVa#31,
00Ohu,1n3rk1/r3q1bp/pp2p1p1/2p1NnN1/4QP2/BPP5/P2R2PP/5RK1 b - - 2 21,h7h6 e5g6 e7f6 g6f8,1479,75,52,115.0,crushing fork middlegame short,https://lichess.org/8qQE5EI4/black#42,
00OmS,r1bq1rk1/pp2pp1p/6pB/3Nb3/8/5B2/Pn2QPPP/R4RK1 b - - 1 15,e5h8 d5e7 d8e7 e2e7,1179,75,93,1645.0,crushing kingsideAttack middlegame short,https://lichess.org/eNcGmn5c/black#30,Scandinavian_Defense Scandinavian_Defense_Richter_Variation
00Oo2,k7/pp1r2p1/2n2q2/3b1P1B/1P5P/2P5/P4Q2/2KR2R1 w - - 1 32,c1c2 c6b4 c2b1 b4a2 f2c5 a2c3,2157,112,72,27.0,advantage long middlegame,https://lichess.org/DSMfbugE#63,
00Oqz,5r2/7r/2kpqB1P/p1p1p2Q/P3P3/2PP4/5P1K/6R1 w - - 0 40,g1g6 f8f6 g6f6 e6f6,980,76,100,329.0,crushing endgame short,https://lichess.org/OxaRmufB#79,
00Or5,r2qkbnr/pp5p/8/4Nb2/3p4/1QN5/PP2PPPP/R3KB1R b KQkq - 1 12,d4c3 b3f7,1479,88,57,239.0,mate mateIn1 oneMove opening,https://lichess.org/29LGsamW/black#24,Slav_Defense Slav_Defense_Other_variations
00Oyf,8/1p6/7p/3k1pp1/1P5P/3K1P2/6P1/8 w - - 0 39,h4g5 h6g5 d3c3 d5e5 c3c4 e5f4 c4c5 f4g3,2698,85,81,176.0,crushing endgame pawnEndgame veryLong zugzwang,https://lichess.org/eysZBqWU#77,
00Ozz,3kRr2/3n1B1p/2pP4/p1n5/Ppp5/8/1P3PPP/4R1K1 b - - 8 32,f8e8 e1e8,868,100,84,193.0,endgame mate mateIn1 oneMove,https://lichess.org/gO3w1uZJ/black#64,
00P6j,r2n2k1/1bRq1rpp/1p6/3P4/p3Q3/B3P3/PP3PPP/3R2K1 b - - 0 20,d7c7 e4e8 f7f8 e8f8,1352,75,84,536.0,kingsideAttack mate mateIn2 middlegame short,https://lichess.org/vBpR18cI/black#40,
00P7n,r4rk1/p1p1R1pp/2p2p2/5P2/6Q1/1P5P/q5PK/8 b - - 1 30,a2b3 g4g7,1465,456,71,6.0,endgame mate mateIn1 oneMove,https://lichess.org/bFrOMLOq/black#60,
00P81,6k1/5p2/4p2p/3pPP2/1R5P/7r/2B5/2b2K2 b - - 0 46,h3c3 b4b8 g8h7 f5e6 c3c2 e6e7,2251,75,93,6017.0,advancedPawn crushing discoveredAttack endgame long sacrifice,https://lichess.org/SIETCqbJ/black#92,
00PF3,2kr3r/Qpp2ppp/3b1n2/8/3N4/4P1Pq/PP1B1P1P/2R2RK1 w - - 4 18,d4b5 f6g4 b5d6 d8d6 c1c7 c8c7,1440,76,83,267.0,advantage long middlegame,https://lichess.org/c2JUCAZJ#35,Queens_Gambit_Declined Queens_Gambit_Declined_Baltic_Defense
00PGi,3r1q1k/pppb2pp/2np4/6N1/5B2/1Q4P1/PP4PP/4R2K b - - 11 24,b7b6 g5f7 f8f7 b3f7,1084,79,93,1047.0,crushing fork middlegame short,https://lichess.org/qzZ4hC7X/black#48,
00PHg,R7/P4p2/5k1p/q5n1/5R2/7P/5PK1/8 b - - 2 46,f6e5 a8e8 e5f4 a7a8q a5a8 e8a8,1298,293,100,6.0,advancedPawn advantage clearance endgame long promotion,https://lichess.org/u5o6sm6r/black#92,
00PIO,2k1r2r/1p2P3/p1b1p3/3p1npp/5q2/1N3N1Q/PP3PPP/2R2RK1 w - - 1 22,f3d4 f5d4 b3d4 f4d4 h3e6 c8c7,2210,81,88,770.0,crushing long middlegame,https://lichess.org/QcmS4aBG#43,
00Pbs,3r1rk1/Q3qppp/8/1ppb4/2Pn1B1n/2N3P1/PP3P2/R2R1K2 w - - 0 21,a7e7 d5g2 f1e1 h4f3,2084,75,80,168.0,mate mateIn2 middlegame short,https://lichess.org/fA2DSaPB#41,
00Pgk,r2q1rk1/pbp1bp2/1p2pn1Q/5nN1/8/P1NB4/1PP3PP/R4RK1 w - - 2 17,d3f5 d8d4 g1h1 e6f5,2417,78,84,125.0,advantage intermezzo middlegame short,https://lichess.org/pe4L6fzJ#33,French_Defense French_Defense_Henneberger_Variation
00Pms,r1b1kr2/p1p2pQp/1p2pP2/8/8/1P4P1/P2KNP1P/R1B4q b q - 0 17,c8a6 g7f8 e8f8 c1a3 f8e8 a1h1,2117,93,86,25.0,advantage attraction discoveredAttack long middlegame sacrifice,https://lichess.org/UXAS6vpF/black#34,French_Defense French_Defense_Other_variations
00Pr6,r1b2rk1/p4ppp/2p5/6q1/2p3P1/3P1Q1P/PPP5/1K2RR2 b - - 0 17,c4d3 f3f7 f8f7 e1e8 f7f8 f1f8,1469,75,93,1803.0,kingsideAttack long mate mateIn3 middlegame sacrifice,https://lichess.org/CtrEbVZV/black#34,Kings_Knight_Opening Kings_Knight_Opening_Normal_Variation
00PrK,r7/7R/P3k3/4p2p/3b2p1/3K4/8/5R2 b - - 7 55,a8a6 h7h6 e6d5 h6a6,969,81,91,180.0,crushing endgame short skewer,https://lichess.org/N9FWAV9a/black#110,
00PvX,8/n7/P7/3k4/PK6/7P/5PP1/8 w - - 0 53,b4a5 d5c5 f2f3 a7c6,1647,76,86,238.0,endgame knightEndgame mate mateIn2 short,https://lichess.org/tH6dRFcZ#105,
00Pw1,5r1k/2p3Rp/3p4/p2Pn3/1p2B3/1P6/PKP2r1P/6R1 b - - 1 28,f2e2 g7h7,1090,76,100,246.0,endgame mate mateIn1 oneMove,https://lichess.org/WAkWH6IK/black#56,
00Q4v,8/2p1b3/q1Pp2k1/3Pp3/4Pr2/1Q3PK1/3N2P1/7R w - - 1 47,h1e1 e7h4 g3h2 h4e1,1230,81,74,61.0,crushing endgame short skewer,https://lichess.org/gHKVgDSR#93,
00QCD,3r1rk1/1Q3ppp/1q2pb2/8/1P1N4/4P1P1/3B1PBP/R5K1 b - - 0 23,b6b7 g2b7 f6d4 e3d4,1057,75,94,230.0,advantage middlegame short,https://lichess.org/AFf6cmqa/black#46,
00QCe,1k5r/n2r2pp/5p2/ppN5/5P2/8/2R3PP/1R4K1 b - - 3 28,d7c7 c5a6 b8b7 a6c7,1350,76,93,1203.0,crushing endgame fork short,https://lichess.org/fovXj5D1/black#56,
00QHM,6k1/pp3rpp/4Nb2/4p3/1B1r4/6PK/PP5P/2R5 b - - 0 28,d4b4 c1c8 f6d8 c8d8 f7f8 d8f8,907,95,94,201.0,endgame long mate mateIn3,https://lichess.org/VyUHT6ng/black#56,
00QOa,6rk/1pp1R1p1/6Bp/2b4P/8/pP3PK1/P1P5/8 w - - 5 32,e7c7 c5d6 f3f4 d6c7,883,107,95,513.0,crushing endgame fork short,https://lichess.org/afclLtrR#63,
00QQS,2r3k1/1p1q1ppp/4p3/Q7/3P4/P1B5/1Pr2PPP/R5K1 b - - 0 22,d7d4 c3d4 c2c1 a5e1,1828,167,43,16.0,advantage endgame hangingPiece short,https://lichess.org/tG606j71/black#44,
00QVZ,8/7p/4K3/6p1/2k3P1/8/5P2/8 b - - 0 43,c4d4 e6f5 h7h6 f5g6 d4e4 g6h6,1478,75,81,513.0,crushing endgame long pawnEndgame,https://lichess.org/gVqoHhuS/black#86,
00QW1,8/3r1ppp/4p3/k3P3/pR2R2P/2P5/2Kr1PP1/8 w - - 4 31,c2c1 d2d1 c1b2 d7d2 b2a3 d1a1,959,85,94,154.0,endgame exposedKing long mate mateIn3 rookEndgame,https://lichess.org/I3LnvYRW#61,
00QY3,2k3r1/pp5p/4p3/2p2p2/2P5/P4P1q/1PQ1RR1b/7K w - - 0 32,f2h2 h3f1,1048,76,88,280.0,endgame master mate mateIn1 oneMove,https://lichess.org/Ip4qQXo1#63,
00QZ3,r1bq3r/ppppnkpp/2n5/b5N1/4P3/B1P5/P4PPP/RN1QK2R b KQ - 1 9,f7f8 d1f3 f8e8 f3f7,1226,79,92,1545.0,mate mateIn2 opening short,https://lichess.org/PiCJ1gmH/black#18,Scotch_Game Scotch_Game_Scotch_Gambit
00QZV,r1bk4/pppp3p/2n5/2b1prN1/8/1B6/PPPP2PP/RNB2RK1 w - - 1 14,g1h1 f5f1,600,88,33,61.0,backRankMate hangingPiece mate mateIn1 middlegame oneMove,https://lichess.org/0CTltFgg#27,Italian_Game Italian_Game_Two_Knights_Defense
00QjF,8/8/1pr1p1kp/pbPp2pN/3Pp1P1/1P2K3/P6P/2R5 b - - 0 29,e6e5 c5b6 c6c1 b6b7 c1e1 e3d2,2103,76,86,701.0,advancedPawn crushing endgame long sacrifice,https://lichess.org/oPvDBkpv/black#58,
00QkV,5k1r/p3Rpbp/3N2p1/4nbB1/2P5/3rP3/q4PPP/3Q1RK1 b - - 2 16,f7f6 e7e8,1008,75,100,281.0,middlegame,https://lichess.org/R69epPjY/black#32,Grunfeld_Defense Grunfeld_Defense_Three_Knights_Variation
00Qm5,r2q1rk1/p3b1pp/2p5/4ppB1/4p1nP/2N5/PPP1QPP1/3R1RK1 b - - 8 15,d8c7 e2c4 g8h8 c3d5 c6d5 c4c7,1986,76,94,7055.0,crushing long middlegame,https://lichess.org/8fF68Ntt/black#30,Queens_Pawn_Game Queens_Pawn_Game_Morris_Countergambit
00QnO,1k1r1r2/pp4p1/6q1/2Qp4/5bP1/2P4p/PPN3NP/R4R1K w - - 0 30,g2f4 g6e4 h1g1 f8f4,1339,75,92,3091.0,crushing fork intermezzo middlegame short,https://lichess.org/9GENZopF#59,
00Qnn,r1bqkb1r/ppp1n1p1/7p/3Pp1N1/2P5/8/PP3PPP/RNBQK2R w KQkq - 0 11,d1h5 g7g6 h5e2 h6g5,1476,222,100,10.0,defensiveMove equality opening short,https://lichess.org/bvZx0hh4#21,
00Qo8,8/8/RP4p1/1r1N1pkp/P1n1p3/6P1/6P1/4K3 b - - 0 49,b5d5 b6b7 d5d8 a6a8,1020,75,100,146.0,endgame,https://lichess.org/Sxlq7BKB/black#98,
00Qog,1r3rk1/pP2qppp/1b3n2/1Q2p3/4P3/2NP1bP1/PP2NP1P/R1B2RK1 w - - 1 15,c1g5 e7e6 e2f4 e5f4,2157,75,93,2506.0,crushing middlegame short,https://lichess.org/5wfin3S4#29,English_Opening English_Opening_Carls-Bremen_System
00QqI,r6r/pQ2nkpp/4b3/2p1q3/4p3/2N5/PP1B1PPP/R4RK1 w - - 1 15,c3e4 e6d5 e4g5 e5g5 d2g5 d5b7,1668,75,82,97.0,advantage long middlegame,https://lichess.org/71TDmfZz#29,Scotch_Game Scotch_Game_Scotch_Gambit
00QyM,8/3k4/1pp3p1/4Pp1p/2PK1P1P/pP6/P7/8 b - - 1 35,d7e6 b3b4 e6e7 b4b5 c6b5 c4b5,2123,80,91,375.0,crushing endgame long pawnEndgame quietMove zugzwang,https://lichess.org/DcRRuwOx/black#70,
00R0l,rnbqkb1r/pp3p1p/6pP/P1ppp3/6n1/3P1P2/1PP1P1P1/RNBQKBNR b KQkq - 0 7,g4h6 c1h6 f8h6 h1h6,1318,77,87,1471.0,advantage opening short,https://lichess.org/y06s0jL8/black#14,Ware_Opening Ware_Opening_Other_variations
00R0m,8/4k2p/Q1p1p3/p2pP1r1/q7/P6P/1P3PK1/2R2R2 w - - 1 28,g2f3 a4e4,1356,98,38,25.0,endgame mate mateIn1 oneMove,https://lichess.org/qcC85YJl#55,
00R2A,2kr1b1R/p5p1/8/3P1p2/8/4B3/PPPK1P2/8 w - - 1 25,c2c4 f8b4 d2d3 d8h8,762,77,100,990.0,crushing discoveredAttack endgame short,https://lichess.org/ZjzT3REI#49,
00R4l,r1b5/p4pkp/3p2p1/2pPr3/2P5/1P1B4/R4PPP/R5K1 w - - 0 24,a2a7 a8a7 a1a7 e5e1 d3f1 c8f5,1556,76,89,1544.0,advantage defensiveMove endgame long,https://lichess.org/IQW9ts1W#47,
00R8C,r4q1k/2bn2p1/2p3pp/1pP5/1P1B2P1/1Q1P1r1P/5PB1/4RRK1 w - - 0 27,g2f3 f8f4 d4g7 h8h7 e1e5 d7e5 g7e5 c7e5 f1e1 f4f3,2366,101,77,38.0,crushing fork master middlegame veryLong,https://lichess.org/ZILz4GAu#53,
00R9D,8/1k6/1pn1R3/8/Pp4p1/4P3/5PK1/8 w - - 0 51,e6e4 b4b3 e4g4 b3b2,1132,198,82,3.0,advancedPawn crushing endgame short,https://lichess.org/3ZXSyu03#101,
00RPk,8/2p5/5ppp/1PkP4/p4PPP/P1K5/8/8 b - - 0 39,c5b5 c3d4 c7c5 d5c6 b5c6 d4c4,2491,92,94,385.0,advantage defensiveMove enPassant endgame long pawnEndgame,https://lichess.org/vOFXdfEu/black#78,
00RWr,6k1/5pp1/n3p2p/1q1pN3/8/4PB1P/Q4PPK/2r5 b - - 3 36,a6c5 a2a8 g8h7 e5f7 b5b2 a8h8 h7g6 h8g8 g6f6 f3h5,2672,86,90,106.0,crushing defensiveMove deflection endgame veryLong,https://lichess.org/20uXWTrv/black#72,
00RYH,1k5r/ppp1R2p/3r1p2/5Q2/3p4/2qP4/2P2PPP/2K1R3 b - - 5 26,d6a6 e7e8 h8e8 e1e8,1031,81,89,113.0,backRankMate endgame mate mateIn2 short,https://lichess.org/qGI2u50w/black#52,
00RbX,3r2k1/2q1bppp/b3n3/p2N4/2p1P3/P3QN2/1PP2PPP/4R1K1 b - - 1 22,e7c5 d5c7 c5e3 c7e6 e3f2 g1f2,1689,77,78,103.0,advantage long middlegame,https://lichess.org/vo7nrvYf/black#44,
00Rcs,3k4/ppp2p1r/4p2P/5n2/3Pp1N1/2P2K2/P1P3P1/7R w - - 0 30,f3e4 f5g3 e4f4 g3h1,820,85,96,2206.0,crushing endgame fork short,https://lichess.org/6z8dEdCK#59,
00Rdf,2kr4/p1pr1pp1/1p4p1/1PP1P3/3B1PP1/PQ2Pn1P/2KRR3/5q2 w - - 1 30,c5b6 d7d4 e3d4 f3d4 c2b2 d4b3,1905,147,23,15.0,advantage exposedKing fork long middlegame,https://lichess.org/1DyqIpsd#59,
00Rlv,r3k1nr/p1q3pp/1pb1p3/2b2p2/8/N1BQ1P2/PPP3PP/2KR3R b kq - 3 14,a8d8 d3d8 c7d8 d1d8,613,93,78,128.0,advantage middlegame short,https://lichess.org/DoFZ2KjY/black#28,Duras_Gambit Duras_Gambit_Other_variations
00RoG,2kr2nr/pp2nppp/2pp4/2b2PP1/4NPq1/3B1R2/PPP4P/R2QB2K w - - 5 18,h2h3 g4g1,1072,82,94,619.0,mate mateIn1 oneMove opening,https://lichess.org/rOjlXCXv#35,Scotch_Game Scotch_Game_Other_variations
00Rqg,2k1r2r/Qpq5/3bp3/1P1P4/5pp1/2P5/1B2RPP1/R5K1 w - - 1 28,e2e6 c7h7 a7a8 d6b8 e6c6 b7c6,2531,84,68,94.0,advantage defensiveMove long middlegame quietMove,https://lichess.org/HiWWZDYW#55,
00RtC,r4k2/ppp3p1/3p3r/2q5/2NnP3/2Q2PBp/PP3R1P/5RK1 w - - 4 25,b2b4 d4e2 g1h1 c5f2 c3g7 f8g7,1921,82,79,48.0,advantage deflection discoveredAttack long middlegame pin,https://lichess.org/cgruxBCC#49,
